id,date,amount,customer_id,location_id
1,2018-02-02T12:07:19Z,$906.65,4e6e44b8-28d2-4a2a-ada2-afaf6f297079,3637013355
2,2018-10-17T16:32:59Z,$145.22,decb2604-c0a8-469b-af81-c32abbcbe4ae,2970230054
3,2018-12-21T12:59:26Z,$751.59,fa72dda9-c84a-4b32-adc2-d94b92508fec,5418323601
4,2018-10-09T10:09:37Z,$564.18,68c562dc-5c15-4843-9c37-c063f7adb758,8445104934
5,2018-02-05T05:57:17Z,$228.72,3c35af32-ee1c-40d6-a4b3-83eab019884f,7501285195
6,2018-07-31T18:56:39Z,$131.06,27438bb9-c6a7-42a8-b730-aec458993a52,8400736990
7,2018-08-21T11:42:56Z,$868.69,08272825-cd75-4512-a12c-86f1a494a49c,9312190334
8,2018-10-20T02:14:04Z,$398.97,93f8d478-e99f-4d49-8341-2d82b70b1196,0795411227
9,2018-03-29T11:20:28Z,$91.81,9f8f6d81-afd6-4e30-89ba-5c98d04d89dc,8636349966
10,2018-04-12T06:52:00Z,$874.11,7bad3bae-294b-4368-9880-892a7294c4b1,6704753338
11,2018-02-01T01:59:12Z,$838.91,2421f85b-b3d1-407c-b87a-b5ee78ea00e9,3524806570
12,2018-12-06T14:51:26Z,$714.69,f09417ed-6203-4fba-bf12-a1e9967993a0,7902815292
13,2018-07-26T21:35:03Z,$824.60,0dd693e4-460c-42f1-86d1-689fac4bf7e5,5597225766
14,2018-12-06T17:15:54Z,$489.24,1b17f990-9620-40b6-9247-8757069a5b82,6081613429
15,2018-07-04T11:34:50Z,$527.44,275103af-c34e-4dc1-8c2b-73f54be128fe,7080871662
16,2018-04-09T21:53:15Z,$894.84,c2821522-2dd0-4b01-9de0-52a75854b885,9978347941
17,2018-01-05T12:20:51Z,$299.48,7683bc69-776b-49a1-954c-6e44263044fd,2905720786
18,2018-11-17T05:28:27Z,$538.59,5a562de9-f688-4ef1-b0c6-b463003b0fda,6210571328
19,2018-04-14T06:09:04Z,$18.15,b11835ba-8e02-4a74-9f27-96088b8ea7c1,3212171782
20,,$894.98,fc77ce6d-07d1-494e-a4e3-3135e9094632,3514877505
21,2018-08-11T08:21:49Z,$733.87,cd13aab6-8ce1-42f1-a58c-7afdb4b26190,3596315360
22,,$15.35,12de753d-0ad8-40f6-9398-4bea7eed9b40,9900313518
23,2018-04-20T01:03:03Z,$790.07,b633ced5-f1f5-4c89-aefc-5ba8cb1b0065,7984302863
24,2018-12-24T16:01:55Z,$660.61,b86ba73e-bd10-4b36-88ee-4ed093933be7,8147523734
25,2018-04-16T06:10:34Z,$58.67,c57cdf5b-e792-4888-bbfb-23d630024a06,0282676384
26,2018-10-08T06:48:56Z,$534.02,16237c68-eca6-4684-aa9b-c706d1f241f7,7613694844
27,2018-02-24T00:19:03Z,$625.62,05374daa-f5b8-4c33-b6de-8c806caa6096,1492612537
28,2018-02-03T04:50:31Z,$528.21,78516da6-ca30-4719-a15b-1efa9f1f30f2,9115699277
29,2018-07-22T09:39:22Z,$504.36,3c062575-fb08-469f-b185-7db9b49e6622,5716361811
30,2018-10-16T16:24:16Z,$156.93,8a92f35d-edc0-405a-9f07-9baf46745bc7,6276296473
31,2018-06-13T23:25:43Z,$893.08,f9a4a08e-b0b2-493e-915e-1e6b35bee13d,3872301128
32,2018-02-16T22:22:08Z,$226.73,496c4bc4-6f45-4699-b44f-bda831b71faa,3105032754
33,2018-07-23T02:47:20Z,$549.87,2a8fd31a-4fa7-4135-b682-50ccfd3348d1,3888974569
34,2018-03-21T03:41:13Z,$419.32,7dace96a-3cd8-4a1a-8041-664407b87686,4380052761
35,2018-03-03T17:22:58Z,$172.53,df943cb7-31af-4f06-884e-b24db632b638,0039056910
36,2018-05-09T08:15:54Z,$523.51,93f1fa46-2d88-4af4-96ab-a8f982d13244,8094267607
37,2018-06-13T07:57:32Z,$448.90,10a5e889-8182-47c9-9117-799728c79561,4374807969
38,2018-09-06T04:43:54Z,$899.52,e1691edd-07af-411f-8e66-cb12b53be45b,1790999480
39,2018-09-17T02:32:50Z,$200.64,d83f9045-8e7a-4549-af99-c5bfe2f2d7f3,9955105542
40,2018-06-17T03:33:16Z,$775.58,72a99495-9bcc-4110-a652-9e850bd3ea5a,5781984666
41,2018-12-20T08:09:22Z,$364.00,24b2c97b-53c0-4cbc-a1e6-664f2eac42da,9582173483
42,2018-07-15T00:07:00Z,$391.03,91c88a72-52ce-4167-89a1-d25aca59ec35,0459368230
43,2018-11-11T11:16:31Z,$394.25,3507896b-6d63-4e0e-ba4e-6633bf31ae3e,2670967086
44,2018-02-28T03:54:20Z,$197.25,00d4c2e0-f234-4743-8354-6294f722a90d,4546110308
45,2018-05-21T15:29:09Z,$978.53,6cbb3afd-699b-4305-aa7d-29a737a6d841,2207583074
46,2018-06-09T21:40:47Z,$249.68,ed49e876-eba4-4a3d-a376-4060f3eac225,9516244181
47,2018-12-04T21:44:00Z,$266.71,61c1439d-0de1-4b2c-87e3-33d1f3bd3f7e,2759090248
48,2018-09-03T23:05:23Z,$149.36,1df933f0-9cd4-42bd-9d5f-3b4f453a1822,8545858655
49,2018-02-10T02:01:02Z,$294.22,b9749903-444f-427a-be31-2e006fa56627,7030328507
50,2018-05-21T01:27:32Z,$810.54,951e2d75-37e6-4fa8-ad43-4b35d630d79a,6550251605
51,2018-04-14T00:37:50Z,$702.10,9ecc312c-4268-4978-ad86-d04597f5a57c,3637013355
52,2018-07-19T01:31:52Z,$574.92,c4e1a6e7-1965-4a17-ae52-b604f4be07b4,2970230054
53,2018-12-16T15:49:58Z,$277.19,99940cc0-419b-4494-b2cc-b5c4ce8f26c4,5418323601
54,2018-07-18T01:15:59Z,$861.90,cc5e743f-5926-4193-abcc-aa947fa8928d,8445104934
55,2018-03-21T08:29:23Z,$555.18,3eb75b29-50e3-4e39-baa2-f6c91911af8b,7501285195
56,2018-07-18T07:27:38Z,$904.90,da85beda-b92a-4e32-8b64-1516f02844bb,8400736990
57,2018-03-15T13:17:40Z,$966.10,8e74c6bd-c408-442a-8f77-6e3f4fd45f0a,9312190334
58,,$369.21,4c3a6ce3-d8b4-4cbe-bf4c-68f885b41cf5,0795411227
59,2018-05-23T14:47:56Z,$468.86,43664dcc-01bd-435f-9544-20868db85832,8636349966
60,2018-10-25T17:07:11Z,$471.96,44f5a31b-a87d-4cd3-965e-7834ecb60da9,6704753338
61,2018-06-08T11:09:12Z,$893.13,847f1844-2ea2-41a0-92f9-2200a2215c39,3524806570
62,,$267.64,664ceae1-9b30-46e6-8742-7fdaf8ef50e3,7902815292
63,2018-06-15T19:14:21Z,$10.34,aec43893-5a0b-453f-bc38-486390ec172c,5597225766
64,2018-10-24T21:08:21Z,$280.09,ba051cf3-a7ce-4e4c-b405-f3191606788f,6081613429
65,2018-03-20T17:33:18Z,$534.52,767d0cb2-0c91-494c-93a6-85fb7d3ea59f,7080871662
66,2018-08-03T16:32:26Z,$439.01,bbf00dd1-ad3c-45c0-8517-220dfcf4c540,9978347941
67,2018-08-26T17:27:35Z,$283.87,0ed94d1f-678d-40e6-bfa7-17bdcefb0ed0,2905720786
68,2018-03-28T14:00:59Z,$793.00,1a55bd70-9551-4660-a9f4-f9e8518ac612,6210571328
69,,$873.63,6acdc182-1a72-4e1b-a5f6-166683a7ccc6,3212171782
70,,$681.70,8de6f8ad-18b7-4393-982b-55c049e03979,3514877505
71,2018-11-02T12:36:59Z,$225.09,66c52726-9c85-48e8-9d03-877123498b9e,3596315360
72,2018-10-21T05:36:40Z,$211.41,a3824605-8184-46cd-9af9-7f4c486b8f72,9900313518
73,2018-09-11T20:11:29Z,$555.78,f686e36e-551f-4ce5-b1bb-f7145c88fc5a,7984302863
74,2018-04-07T23:18:52Z,$546.74,32c6d9ed-a991-44d4-af3b-fc07c963aa8e,8147523734
75,2018-11-23T06:54:40Z,$805.77,c3de3c12-5f39-4d89-9600-9355d67bb261,0282676384
76,2018-09-03T01:11:11Z,$703.35,e2871875-49a1-4e57-94bd-cbf43f7decad,7613694844
77,2018-05-30T01:56:27Z,$15.33,ccf13fe5-3f55-485e-b089-711a25638a5f,1492612537
78,2018-05-06T00:20:00Z,$975.36,be769e88-9f56-455b-90d3-0d4122234d3d,9115699277
79,2018-12-07T06:28:38Z,$331.45,5535c77a-4be4-4bb3-be40-2649d6cc194d,5716361811
80,2018-06-22T09:07:58Z,$517.36,d7670bb4-e32b-4d63-84f8-eda1afcd7f98,6276296473
81,2018-10-22T20:20:33Z,$39.39,de1bc0da-2993-4659-a493-734889fdcd4b,3872301128
82,2018-06-09T06:08:27Z,$690.36,a167acdd-8dd2-4821-aede-8d11951bfee4,3105032754
83,2018-01-11T13:05:14Z,$659.24,06424845-aaff-4968-b884-88f9fbc55767,3888974569
84,2018-04-05T09:17:29Z,$425.52,74134012-cf9a-4f1e-bd03-df513d50b4e0,4380052761
85,2018-01-18T00:44:08Z,$756.06,23390320-3426-44e4-8631-7a172bc8b2c7,0039056910
86,2018-10-04T12:43:29Z,$152.85,00c7c10f-563b-4ab2-aa30-fc32f7ff301a,8094267607
87,2018-01-30T21:52:35Z,$74.07,bc742c25-e095-44af-a41a-56a09c0483fc,4374807969
88,2018-07-02T20:26:45Z,$489.97,2ea1f39f-2ab4-426a-af2f-4e132620bcd7,1790999480
89,2018-01-04T06:40:07Z,$149.13,793be44e-c870-4d75-8849-af31fae80db5,9955105542
90,2018-01-31T17:35:46Z,$672.15,0810104d-64e0-4469-93b2-c7738d71ca1a,5781984666
91,2018-03-30T07:16:54Z,$985.13,5fb6e0ae-f792-46c3-bcc7-3a708cdb0168,9582173483
92,2018-05-07T15:05:41Z,$677.05,8a039a5b-ae20-487f-bd50-64af7fdbdeba,0459368230
93,2018-12-14T10:53:02Z,$853.40,efbdc4d0-1e0d-4226-b38f-3b7430357ca7,2670967086
94,2018-05-18T17:23:01Z,$344.82,ef776da6-eb03-43ca-827c-178d7d037d9e,4546110308
95,2018-06-22T01:41:46Z,$569.60,5afe75b5-8945-4b2a-9b6c-9beda7f21a22,2207583074
96,2018-07-05T17:08:05Z,$887.61,d361885c-3509-4a6f-a8ee-c8b46b70febf,9516244181
97,2018-11-19T05:05:42Z,$947.59,5d323f46-cf31-4a0f-9cda-5f0a2fb4ed49,2759090248
98,2018-08-07T09:04:25Z,$736.02,b78e1b0b-8b4f-491d-8298-d036779dce63,8545858655
99,2018-11-14T18:20:53Z,$412.77,e452a561-825a-4825-9268-fda79c49f4c8,7030328507
100,2018-06-15T20:04:22Z,$935.41,364e3375-73a2-42a2-96b7-fb1fa48d483c,6550251605
101,2018-03-25T08:37:34Z,$861.43,c2da2ca9-fd1b-46b5-929d-11b5e5ab4793,3637013355
102,2018-11-02T04:23:50Z,$705.03,298b4ab8-6f1a-40d0-a9ef-2682a28ab207,2970230054
103,2018-05-11T00:04:49Z,$922.25,5147a268-814a-4ec4-8ed5-215d4ec0e82a,5418323601
104,2018-10-07T18:26:20Z,$515.53,9e343cd5-3a0b-41bf-a6bb-6e0297d5c3bc,8445104934
105,2018-11-05T07:16:50Z,$639.39,a2c76608-8344-4477-ae34-8e3aeb67d0a7,7501285195
106,2018-06-13T23:13:31Z,$475.71,ee1ef6d7-772e-4a5f-b6e2-29e49e528a0b,8400736990
107,2018-02-20T14:31:14Z,$480.18,719353e1-6a78-4156-8810-47f81c22079a,9312190334
108,2018-12-11T22:38:09Z,$237.13,a1043183-a3ae-448a-8b39-b46c9d97c8b4,0795411227
109,2018-10-10T15:13:32Z,$534.35,271ed074-ac92-41e1-b023-ff5913b2f196,8636349966
110,2018-10-12T22:25:21Z,$304.66,afa6e4c2-fc75-4788-8514-818e6dd85663,6704753338
111,2018-07-10T03:59:19Z,$130.97,680ee4b7-0df1-4643-af41-73673d8b3c40,3524806570
112,2018-11-17T23:25:37Z,$651.64,87214758-196c-4420-a91e-680c50d1dbef,7902815292
113,,$30.09,59a1f1ed-84e8-4e3b-89c4-9136c1afcdb0,5597225766
114,2018-03-29T03:12:26Z,$464.42,237c6478-0f1e-40e1-a79d-a323f3e7e2a7,6081613429
115,2018-05-31T07:35:17Z,$355.15,76113b09-f906-4e6a-80f3-a439ee004e49,7080871662
116,2018-10-06T05:19:49Z,$168.29,3442627b-f507-4244-bd14-c391268d044b,9978347941
117,,$169.53,ce50a98f-f5fd-4394-8ca7-6472e894b1d1,2905720786
118,2018-09-22T15:15:25Z,$588.21,648924d5-00e8-46be-8c2d-605c9bdf65e0,6210571328
119,2018-10-22T16:30:58Z,$8.80,425375c7-b60b-4646-a391-3af3aff2a084,3212171782
120,2018-05-07T01:00:06Z,$632.93,b508eac0-2fcc-4a0f-8b50-f8e980f522e2,3514877505
121,2018-04-22T04:40:40Z,$478.48,75a42c0d-22e7-402e-aa2a-a993c69d86d5,3596315360
122,2018-09-29T01:18:59Z,$418.20,81f16c1d-91ec-487b-be92-c0974097ca35,9900313518
123,,$789.27,57706981-f9c1-499c-9f30-871335a1d73f,7984302863
124,2018-02-20T17:26:21Z,$336.24,fcb87513-52d2-4700-99e1-c2a30db9df65,8147523734
125,,$48.88,05e794b1-e716-41cd-b59f-40ebda6764fc,0282676384
126,2018-12-29T03:22:23Z,$626.87,4e6e44b8-28d2-4a2a-ada2-afaf6f297079,3637013355
127,2018-01-11T01:39:22Z,$329.60,decb2604-c0a8-469b-af81-c32abbcbe4ae,2970230054
128,2018-01-23T03:52:25Z,$975.03,fa72dda9-c84a-4b32-adc2-d94b92508fec,5418323601
129,2018-01-16T08:46:10Z,$689.88,68c562dc-5c15-4843-9c37-c063f7adb758,8445104934
130,2018-05-23T02:02:28Z,$983.20,cb06ecbd-caa9-45a3-b254-e40d2ae8d234,7501285195
131,2018-02-17T12:52:29Z,$801.75,3c35af32-ee1c-40d6-a4b3-83eab019884f,8400736990
132,2018-04-17T18:45:18Z,$798.16,27438bb9-c6a7-42a8-b730-aec458993a52,9312190334
133,2018-05-25T19:29:58Z,$652.88,08272825-cd75-4512-a12c-86f1a494a49c,0795411227
134,2018-04-16T21:27:07Z,$204.91,ea964cbd-b573-4622-859f-431dc6b7db02,8636349966
135,2018-12-12T13:19:51Z,$831.79,9f8f6d81-afd6-4e30-89ba-5c98d04d89dc,6704753338
136,2018-04-16T23:23:19Z,$170.04,7bad3bae-294b-4368-9880-892a7294c4b1,3524806570
137,2018-01-05T13:02:57Z,$240.72,2421f85b-b3d1-407c-b87a-b5ee78ea00e9,7902815292
138,2018-09-20T19:18:28Z,$50.74,f09417ed-6203-4fba-bf12-a1e9967993a0,5597225766
139,2018-06-14T03:54:00Z,$543.60,0dd693e4-460c-42f1-86d1-689fac4bf7e5,6081613429
140,2018-02-09T22:13:48Z,$2.54,1b17f990-9620-40b6-9247-8757069a5b82,7080871662
141,2018-06-10T17:28:08Z,$485.30,275103af-c34e-4dc1-8c2b-73f54be128fe,9978347941
142,2018-01-10T08:52:35Z,$967.30,c2821522-2dd0-4b01-9de0-52a75854b885,2905720786
143,2018-03-12T22:19:08Z,$153.57,7683bc69-776b-49a1-954c-6e44263044fd,6210571328
144,2018-06-01T22:44:55Z,$661.87,5a562de9-f688-4ef1-b0c6-b463003b0fda,3212171782
145,2018-11-28T12:32:50Z,$131.35,fc77ce6d-07d1-494e-a4e3-3135e9094632,3514877505
146,2018-10-12T01:19:45Z,$748.10,cd13aab6-8ce1-42f1-a58c-7afdb4b26190,3596315360
147,2018-07-31T05:35:56Z,$279.23,12de753d-0ad8-40f6-9398-4bea7eed9b40,9900313518
148,2018-11-09T12:25:48Z,$927.71,b633ced5-f1f5-4c89-aefc-5ba8cb1b0065,7984302863
149,2018-10-22T08:44:42Z,$785.66,b86ba73e-bd10-4b36-88ee-4ed093933be7,8147523734
150,2018-08-02T02:33:15Z,$817.93,1208b3dc-f329-4ffb-b2fc-26c9f0966d44,0282676384
151,2018-12-03T22:18:44Z,$481.00,c57cdf5b-e792-4888-bbfb-23d630024a06,7613694844
152,2018-08-10T08:59:00Z,$639.41,0228ad6d-9414-4982-9d41-b44dbfd0fc1b,1492612537
153,2018-05-03T13:18:02Z,$681.33,78516da6-ca30-4719-a15b-1efa9f1f30f2,9115699277
154,2018-09-21T02:04:16Z,$537.12,3c062575-fb08-469f-b185-7db9b49e6622,5716361811
155,2018-05-02T06:01:19Z,$193.86,8a92f35d-edc0-405a-9f07-9baf46745bc7,6276296473
156,2018-09-26T10:59:23Z,$484.39,f9a4a08e-b0b2-493e-915e-1e6b35bee13d,3872301128
157,2018-10-05T08:36:21Z,$103.91,496c4bc4-6f45-4699-b44f-bda831b71faa,3105032754
158,2018-02-23T17:44:27Z,$435.40,7dace96a-3cd8-4a1a-8041-664407b87686,3888974569
159,2018-03-19T15:00:26Z,$763.73,df943cb7-31af-4f06-884e-b24db632b638,4380052761
160,2018-03-16T06:02:41Z,$852.47,93f1fa46-2d88-4af4-96ab-a8f982d13244,0039056910
161,2018-05-13T05:17:13Z,$122.02,10a5e889-8182-47c9-9117-799728c79561,8094267607
162,2018-12-09T10:47:23Z,$755.71,72a99495-9bcc-4110-a652-9e850bd3ea5a,4374807969
163,2018-01-29T16:03:28Z,$281.99,24b2c97b-53c0-4cbc-a1e6-664f2eac42da,1790999480
164,2018-06-26T16:01:41Z,$760.47,ce0ee2b4-bfc8-4ca0-b883-fa67bffb2269,9955105542
165,2018-11-17T16:45:59Z,$70.62,91c88a72-52ce-4167-89a1-d25aca59ec35,5781984666
166,2018-03-07T19:24:54Z,$666.66,3507896b-6d63-4e0e-ba4e-6633bf31ae3e,9582173483
167,2018-11-28T22:09:26Z,$370.78,00d4c2e0-f234-4743-8354-6294f722a90d,0459368230
168,2018-12-02T06:48:53Z,$551.07,ed49e876-eba4-4a3d-a376-4060f3eac225,2670967086
169,2018-08-15T01:53:46Z,$989.25,61c1439d-0de1-4b2c-87e3-33d1f3bd3f7e,4546110308
170,2018-12-14T12:55:04Z,$528.50,b9749903-444f-427a-be31-2e006fa56627,2207583074
171,2018-07-14T02:21:42Z,$533.61,951e2d75-37e6-4fa8-ad43-4b35d630d79a,9516244181
172,2018-06-09T08:33:23Z,$545.67,9ecc312c-4268-4978-ad86-d04597f5a57c,2759090248
173,2018-03-09T08:32:35Z,$671.10,c4e1a6e7-1965-4a17-ae52-b604f4be07b4,8545858655
174,2018-05-06T12:51:05Z,$126.61,99940cc0-419b-4494-b2cc-b5c4ce8f26c4,7030328507
175,2018-07-26T00:04:35Z,$871.58,3eb75b29-50e3-4e39-baa2-f6c91911af8b,6550251605
176,2018-11-14T09:07:23Z,$172.32,da85beda-b92a-4e32-8b64-1516f02844bb,3637013355
177,2018-09-28T12:10:17Z,$44.98,8e74c6bd-c408-442a-8f77-6e3f4fd45f0a,2970230054
178,2018-03-16T07:22:35Z,$599.31,4c3a6ce3-d8b4-4cbe-bf4c-68f885b41cf5,5418323601
179,2018-01-15T01:26:29Z,$104.71,43664dcc-01bd-435f-9544-20868db85832,8445104934
180,2018-08-18T01:46:30Z,$260.57,44f5a31b-a87d-4cd3-965e-7834ecb60da9,7501285195
181,,$969.74,847f1844-2ea2-41a0-92f9-2200a2215c39,8400736990
182,2018-10-27T14:24:51Z,$675.20,664ceae1-9b30-46e6-8742-7fdaf8ef50e3,9312190334
183,2018-11-21T22:17:17Z,$616.21,5a4379fa-0217-4a83-8c9d-513bb9e1a7cf,0795411227
184,2018-04-14T21:43:50Z,$128.31,aec43893-5a0b-453f-bc38-486390ec172c,8636349966
185,2018-09-27T18:36:44Z,$630.40,39cf781e-29c8-4c4a-9243-7967b30362fa,6704753338
186,2018-07-23T22:57:11Z,$269.09,ba051cf3-a7ce-4e4c-b405-f3191606788f,3524806570
187,2018-12-27T16:32:34Z,$874.32,767d0cb2-0c91-494c-93a6-85fb7d3ea59f,7902815292
188,2018-09-07T11:33:21Z,$129.01,bbf00dd1-ad3c-45c0-8517-220dfcf4c540,5597225766
189,2018-09-11T06:05:13Z,$612.29,0ed94d1f-678d-40e6-bfa7-17bdcefb0ed0,6081613429
190,2018-02-24T03:23:07Z,$407.14,1a55bd70-9551-4660-a9f4-f9e8518ac612,7080871662
191,2018-07-10T13:03:55Z,$813.46,6acdc182-1a72-4e1b-a5f6-166683a7ccc6,9978347941
192,2018-04-08T21:29:17Z,$223.54,8de6f8ad-18b7-4393-982b-55c049e03979,2905720786
193,2018-07-06T17:09:05Z,$842.73,66c52726-9c85-48e8-9d03-877123498b9e,6210571328
194,,$820.54,a3824605-8184-46cd-9af9-7f4c486b8f72,3212171782
195,2018-07-04T21:51:35Z,$486.75,f686e36e-551f-4ce5-b1bb-f7145c88fc5a,3514877505
196,2018-10-17T01:33:10Z,$72.71,32c6d9ed-a991-44d4-af3b-fc07c963aa8e,3596315360
197,2018-08-02T19:09:08Z,$388.75,b45ee442-1c21-4069-bfdc-5df4e83f9e24,9900313518
198,2018-09-25T16:55:14Z,$99.86,c3de3c12-5f39-4d89-9600-9355d67bb261,7984302863
199,,$422.76,ebc5ca8b-2d5d-4111-be2c-701a30f15e46,8147523734
200,2018-10-15T03:29:38Z,$99.46,ccf13fe5-3f55-485e-b089-711a25638a5f,0282676384
201,2018-12-17T23:29:23Z,$97.93,be769e88-9f56-455b-90d3-0d4122234d3d,7613694844
202,2018-04-20T07:11:00Z,$867.08,5535c77a-4be4-4bb3-be40-2649d6cc194d,1492612537
203,2018-11-07T03:11:46Z,$190.10,d7670bb4-e32b-4d63-84f8-eda1afcd7f98,9115699277
204,2018-03-03T20:02:57Z,$170.14,de1bc0da-2993-4659-a493-734889fdcd4b,5716361811
205,,$709.24,a167acdd-8dd2-4821-aede-8d11951bfee4,6276296473
206,2018-10-27T09:09:05Z,$335.15,06424845-aaff-4968-b884-88f9fbc55767,3872301128
207,2018-07-13T06:20:02Z,$633.98,74134012-cf9a-4f1e-bd03-df513d50b4e0,3105032754
208,2018-06-28T07:50:49Z,$611.88,70dc2fdb-d8a3-40e9-a397-b385097b2215,3888974569
209,,$622.36,23390320-3426-44e4-8631-7a172bc8b2c7,4380052761
210,2018-09-12T23:17:14Z,$38.56,00c7c10f-563b-4ab2-aa30-fc32f7ff301a,0039056910
211,2018-05-08T23:09:45Z,$423.59,bc742c25-e095-44af-a41a-56a09c0483fc,8094267607
212,2018-03-16T23:28:54Z,$785.61,2ea1f39f-2ab4-426a-af2f-4e132620bcd7,4374807969
213,2018-01-15T04:19:41Z,$481.42,793be44e-c870-4d75-8849-af31fae80db5,1790999480
214,2018-04-06T15:21:06Z,$610.16,0810104d-64e0-4469-93b2-c7738d71ca1a,9955105542
215,2018-09-13T11:05:35Z,$136.58,5fb6e0ae-f792-46c3-bcc7-3a708cdb0168,5781984666
216,,$609.52,8a039a5b-ae20-487f-bd50-64af7fdbdeba,9582173483
217,2018-12-28T06:08:47Z,$265.93,efbdc4d0-1e0d-4226-b38f-3b7430357ca7,0459368230
218,2018-09-17T21:43:20Z,$943.93,ef776da6-eb03-43ca-827c-178d7d037d9e,2670967086
219,2018-12-15T00:24:50Z,$5.37,5afe75b5-8945-4b2a-9b6c-9beda7f21a22,4546110308
220,2018-03-04T16:10:44Z,$233.77,d361885c-3509-4a6f-a8ee-c8b46b70febf,2207583074
221,2018-01-31T09:00:20Z,$629.06,5d323f46-cf31-4a0f-9cda-5f0a2fb4ed49,9516244181
222,2018-09-27T16:46:50Z,$128.20,e452a561-825a-4825-9268-fda79c49f4c8,2759090248
223,2018-02-16T14:25:28Z,$614.09,364e3375-73a2-42a2-96b7-fb1fa48d483c,8545858655
224,2018-02-17T14:49:58Z,$285.48,5147a268-814a-4ec4-8ed5-215d4ec0e82a,7030328507
225,2018-03-25T23:00:47Z,$54.45,9e343cd5-3a0b-41bf-a6bb-6e0297d5c3bc,6550251605
226,2018-05-29T16:46:50Z,$100.62,5bf43436-5b5d-40c2-b3cc-c62cfd26bdea,3637013355
227,2018-08-25T05:36:56Z,$114.92,a2c76608-8344-4477-ae34-8e3aeb67d0a7,2970230054
228,,$523.29,ee1ef6d7-772e-4a5f-b6e2-29e49e528a0b,5418323601
229,2018-03-18T01:03:11Z,$808.51,719353e1-6a78-4156-8810-47f81c22079a,8445104934
230,2018-08-15T20:38:35Z,$933.37,a1043183-a3ae-448a-8b39-b46c9d97c8b4,7501285195
231,2018-12-11T19:53:17Z,$641.99,271ed074-ac92-41e1-b023-ff5913b2f196,8400736990
232,2018-06-01T09:35:25Z,$453.44,b11f9031-b4ce-42d9-90dd-03238651285b,9312190334
233,2018-06-16T18:48:10Z,$808.61,afa6e4c2-fc75-4788-8514-818e6dd85663,0795411227
234,2018-11-06T02:45:19Z,$361.41,680ee4b7-0df1-4643-af41-73673d8b3c40,8636349966
235,2018-07-12T07:46:37Z,$320.28,87214758-196c-4420-a91e-680c50d1dbef,6704753338
236,2018-04-16T08:13:07Z,$381.68,59a1f1ed-84e8-4e3b-89c4-9136c1afcdb0,3524806570
237,2018-06-07T17:08:24Z,$874.57,237c6478-0f1e-40e1-a79d-a323f3e7e2a7,7902815292
238,,$930.05,76113b09-f906-4e6a-80f3-a439ee004e49,5597225766
239,2018-08-06T06:30:13Z,$221.56,2c077d12-d3fb-4b76-88a1-473d9ea62a41,6081613429
240,2018-03-31T14:49:50Z,$220.30,3442627b-f507-4244-bd14-c391268d044b,7080871662
241,2018-09-27T09:43:48Z,$896.01,648924d5-00e8-46be-8c2d-605c9bdf65e0,9978347941
242,2018-09-30T20:30:56Z,$402.82,0f455a87-0af1-45f4-b804-c893a20c6ca6,2905720786
243,2018-02-11T00:11:41Z,$979.73,425375c7-b60b-4646-a391-3af3aff2a084,6210571328
244,2018-05-26T11:32:09Z,$751.25,b508eac0-2fcc-4a0f-8b50-f8e980f522e2,3212171782
245,2018-06-16T00:17:25Z,$442.28,75a42c0d-22e7-402e-aa2a-a993c69d86d5,3514877505
246,2018-09-30T14:51:36Z,$759.04,81f16c1d-91ec-487b-be92-c0974097ca35,3596315360
247,2018-02-12T12:51:04Z,$710.53,57706981-f9c1-499c-9f30-871335a1d73f,9900313518
248,2018-09-21T18:53:54Z,$485.23,cbbd9206-4b08-4faf-9820-4cac6d24444b,7984302863
249,2018-09-24T21:46:26Z,$878.93,fcb87513-52d2-4700-99e1-c2a30db9df65,8147523734
250,2018-07-25T00:14:07Z,$744.46,05e794b1-e716-41cd-b59f-40ebda6764fc,0282676384
251,2018-12-10T00:05:20Z,$750.65,4e6e44b8-28d2-4a2a-ada2-afaf6f297079,3637013355
252,2018-01-07T14:13:03Z,$365.90,decb2604-c0a8-469b-af81-c32abbcbe4ae,2970230054
253,2018-12-04T23:49:02Z,$807.30,fa72dda9-c84a-4b32-adc2-d94b92508fec,5418323601
254,2018-08-04T17:10:52Z,$197.20,68c562dc-5c15-4843-9c37-c063f7adb758,8445104934
255,2018-07-06T09:52:03Z,$513.86,cb06ecbd-caa9-45a3-b254-e40d2ae8d234,7501285195
256,2018-10-06T21:24:30Z,$187.07,3c35af32-ee1c-40d6-a4b3-83eab019884f,8400736990
257,,$705.70,27438bb9-c6a7-42a8-b730-aec458993a52,9312190334
258,2018-01-04T00:03:56Z,$140.08,08272825-cd75-4512-a12c-86f1a494a49c,0795411227
259,2018-10-28T06:27:14Z,$566.90,ea964cbd-b573-4622-859f-431dc6b7db02,8636349966
260,2018-06-29T13:30:43Z,$804.21,9f8f6d81-afd6-4e30-89ba-5c98d04d89dc,6704753338
261,2018-10-25T01:20:52Z,$705.94,7bad3bae-294b-4368-9880-892a7294c4b1,3524806570
262,2018-07-17T00:31:51Z,$699.01,2421f85b-b3d1-407c-b87a-b5ee78ea00e9,7902815292
263,2018-05-10T05:28:34Z,$303.10,f09417ed-6203-4fba-bf12-a1e9967993a0,5597225766
264,2018-09-04T14:21:11Z,$872.15,0dd693e4-460c-42f1-86d1-689fac4bf7e5,6081613429
265,2018-07-08T08:31:17Z,$383.98,1b17f990-9620-40b6-9247-8757069a5b82,7080871662
266,2018-02-09T11:49:11Z,$338.09,275103af-c34e-4dc1-8c2b-73f54be128fe,9978347941
267,2018-05-08T08:04:54Z,$475.45,c2821522-2dd0-4b01-9de0-52a75854b885,2905720786
268,2018-09-06T00:37:10Z,$553.03,7683bc69-776b-49a1-954c-6e44263044fd,6210571328
269,2018-02-01T08:22:00Z,$689.53,5a562de9-f688-4ef1-b0c6-b463003b0fda,3212171782
270,2018-06-25T12:58:17Z,$800.80,b11835ba-8e02-4a74-9f27-96088b8ea7c1,3514877505
271,2018-12-29T01:13:17Z,$205.29,fc77ce6d-07d1-494e-a4e3-3135e9094632,3596315360
272,2018-12-15T02:56:02Z,$721.06,cd13aab6-8ce1-42f1-a58c-7afdb4b26190,9900313518
273,2018-05-17T17:12:08Z,$262.31,12de753d-0ad8-40f6-9398-4bea7eed9b40,7984302863
274,2018-09-24T02:16:51Z,$95.27,b633ced5-f1f5-4c89-aefc-5ba8cb1b0065,8147523734
275,,$105.30,b86ba73e-bd10-4b36-88ee-4ed093933be7,0282676384
276,2018-12-14T18:52:50Z,$202.35,1208b3dc-f329-4ffb-b2fc-26c9f0966d44,7613694844
277,2018-03-20T03:12:18Z,$305.87,c57cdf5b-e792-4888-bbfb-23d630024a06,1492612537
278,,$168.71,16237c68-eca6-4684-aa9b-c706d1f241f7,9115699277
279,2018-12-07T05:22:43Z,$553.52,05374daa-f5b8-4c33-b6de-8c806caa6096,5716361811
280,,$966.88,0228ad6d-9414-4982-9d41-b44dbfd0fc1b,6276296473
281,2018-07-11T01:53:22Z,$995.68,3c062575-fb08-469f-b185-7db9b49e6622,3872301128
282,2018-08-29T19:31:03Z,$387.18,8a92f35d-edc0-405a-9f07-9baf46745bc7,3105032754
283,2018-12-20T14:39:37Z,$963.49,f9a4a08e-b0b2-493e-915e-1e6b35bee13d,3888974569
284,2018-09-18T21:03:56Z,$157.26,496c4bc4-6f45-4699-b44f-bda831b71faa,4380052761
285,2018-11-04T05:47:40Z,$296.95,2a8fd31a-4fa7-4135-b682-50ccfd3348d1,0039056910
286,2018-02-03T16:38:36Z,$361.90,7dace96a-3cd8-4a1a-8041-664407b87686,8094267607
287,2018-08-26T07:56:17Z,$91.13,df943cb7-31af-4f06-884e-b24db632b638,4374807969
288,2018-03-22T22:51:00Z,$401.54,93f1fa46-2d88-4af4-96ab-a8f982d13244,1790999480
289,2018-09-21T23:20:34Z,$999.19,10a5e889-8182-47c9-9117-799728c79561,9955105542
290,2018-08-01T07:02:48Z,$839.33,e1691edd-07af-411f-8e66-cb12b53be45b,5781984666
291,2018-12-24T19:02:05Z,$79.58,d83f9045-8e7a-4549-af99-c5bfe2f2d7f3,9582173483
292,2018-03-10T03:07:04Z,$204.00,72a99495-9bcc-4110-a652-9e850bd3ea5a,0459368230
293,2018-06-03T20:31:14Z,$149.07,24b2c97b-53c0-4cbc-a1e6-664f2eac42da,2670967086
294,2018-06-07T17:38:13Z,$953.51,ce0ee2b4-bfc8-4ca0-b883-fa67bffb2269,4546110308
295,2018-08-07T03:15:40Z,$114.81,91c88a72-52ce-4167-89a1-d25aca59ec35,2207583074
296,2018-04-27T07:55:26Z,$965.43,3507896b-6d63-4e0e-ba4e-6633bf31ae3e,9516244181
297,2018-02-23T13:21:10Z,$88.89,00d4c2e0-f234-4743-8354-6294f722a90d,2759090248
298,2018-12-10T23:58:56Z,$913.77,6cbb3afd-699b-4305-aa7d-29a737a6d841,8545858655
299,2018-06-14T00:10:05Z,$323.55,ed49e876-eba4-4a3d-a376-4060f3eac225,7030328507
300,2018-01-23T16:39:15Z,$901.65,61c1439d-0de1-4b2c-87e3-33d1f3bd3f7e,6550251605
301,2018-09-16T02:25:01Z,$302.20,b9749903-444f-427a-be31-2e006fa56627,3637013355
302,2018-09-19T01:20:41Z,$323.19,951e2d75-37e6-4fa8-ad43-4b35d630d79a,2970230054
303,2018-03-20T05:07:33Z,$978.03,9ecc312c-4268-4978-ad86-d04597f5a57c,5418323601
304,2018-01-04T11:12:58Z,$622.13,c4e1a6e7-1965-4a17-ae52-b604f4be07b4,8445104934
305,2018-08-02T08:37:43Z,$84.43,99940cc0-419b-4494-b2cc-b5c4ce8f26c4,7501285195
306,2018-04-23T11:27:55Z,$98.98,cc5e743f-5926-4193-abcc-aa947fa8928d,8400736990
307,2018-12-27T08:23:15Z,$536.47,3eb75b29-50e3-4e39-baa2-f6c91911af8b,9312190334
308,2018-02-05T12:33:10Z,$511.16,4c3a6ce3-d8b4-4cbe-bf4c-68f885b41cf5,0795411227
309,,$706.42,43664dcc-01bd-435f-9544-20868db85832,8636349966
310,2018-07-16T18:45:20Z,$113.03,44f5a31b-a87d-4cd3-965e-7834ecb60da9,6704753338
311,2018-11-08T03:07:32Z,$875.71,847f1844-2ea2-41a0-92f9-2200a2215c39,3524806570
312,,$921.12,664ceae1-9b30-46e6-8742-7fdaf8ef50e3,7902815292
313,2018-10-08T07:19:46Z,$249.72,5a4379fa-0217-4a83-8c9d-513bb9e1a7cf,5597225766
314,2018-01-06T06:35:44Z,$361.37,aec43893-5a0b-453f-bc38-486390ec172c,6081613429
315,2018-03-03T04:36:15Z,$147.03,39cf781e-29c8-4c4a-9243-7967b30362fa,7080871662
316,2018-05-28T06:17:46Z,$446.36,ba051cf3-a7ce-4e4c-b405-f3191606788f,9978347941
317,2018-12-07T22:05:12Z,$150.07,767d0cb2-0c91-494c-93a6-85fb7d3ea59f,2905720786
318,2018-03-02T15:30:19Z,$130.11,0ed94d1f-678d-40e6-bfa7-17bdcefb0ed0,6210571328
319,2018-06-02T21:33:03Z,$386.19,1a55bd70-9551-4660-a9f4-f9e8518ac612,3212171782
320,2018-11-18T00:44:07Z,$262.70,6acdc182-1a72-4e1b-a5f6-166683a7ccc6,3514877505
321,2018-03-21T14:15:17Z,$494.30,8de6f8ad-18b7-4393-982b-55c049e03979,3596315360
322,2018-07-30T16:17:50Z,$465.99,a3824605-8184-46cd-9af9-7f4c486b8f72,9900313518
323,,$560.81,f686e36e-551f-4ce5-b1bb-f7145c88fc5a,7984302863
324,2018-08-04T10:22:24Z,$341.57,32c6d9ed-a991-44d4-af3b-fc07c963aa8e,8147523734
325,2018-12-17T20:00:45Z,$548.31,b45ee442-1c21-4069-bfdc-5df4e83f9e24,0282676384
326,2018-02-10T10:52:06Z,$711.17,be769e88-9f56-455b-90d3-0d4122234d3d,7613694844
327,,$544.57,5535c77a-4be4-4bb3-be40-2649d6cc194d,1492612537
328,,$88.23,d7670bb4-e32b-4d63-84f8-eda1afcd7f98,9115699277
329,,$832.77,de1bc0da-2993-4659-a493-734889fdcd4b,5716361811
330,2018-10-17T03:44:38Z,$670.21,a167acdd-8dd2-4821-aede-8d11951bfee4,6276296473
331,2018-04-20T01:56:06Z,$758.44,06424845-aaff-4968-b884-88f9fbc55767,3872301128
332,2018-07-27T17:55:21Z,$230.68,74134012-cf9a-4f1e-bd03-df513d50b4e0,3105032754
333,2018-03-02T17:59:42Z,$933.70,70dc2fdb-d8a3-40e9-a397-b385097b2215,3888974569
334,2018-10-17T09:08:54Z,$295.98,23390320-3426-44e4-8631-7a172bc8b2c7,4380052761
335,2018-12-13T04:56:28Z,$942.07,00c7c10f-563b-4ab2-aa30-fc32f7ff301a,0039056910
336,2018-05-23T15:01:29Z,$372.39,bc742c25-e095-44af-a41a-56a09c0483fc,8094267607
337,2018-04-02T02:37:49Z,$328.93,2ea1f39f-2ab4-426a-af2f-4e132620bcd7,4374807969
338,2018-04-26T05:48:28Z,$398.85,793be44e-c870-4d75-8849-af31fae80db5,1790999480
339,2018-12-20T19:55:47Z,$287.35,0810104d-64e0-4469-93b2-c7738d71ca1a,9955105542
340,2018-04-28T06:49:26Z,$658.46,5fb6e0ae-f792-46c3-bcc7-3a708cdb0168,5781984666
341,2018-10-24T07:26:51Z,$887.23,efbdc4d0-1e0d-4226-b38f-3b7430357ca7,9582173483
342,2018-04-07T18:55:34Z,$695.92,ef776da6-eb03-43ca-827c-178d7d037d9e,0459368230
343,2018-06-19T03:53:05Z,$70.38,5afe75b5-8945-4b2a-9b6c-9beda7f21a22,2670967086
344,2018-03-24T17:29:11Z,$757.45,d361885c-3509-4a6f-a8ee-c8b46b70febf,4546110308
345,2018-03-04T06:56:41Z,$562.37,5d323f46-cf31-4a0f-9cda-5f0a2fb4ed49,2207583074
346,2018-01-29T00:53:47Z,$23.69,b78e1b0b-8b4f-491d-8298-d036779dce63,9516244181
347,2018-03-18T12:21:43Z,$170.64,e452a561-825a-4825-9268-fda79c49f4c8,2759090248
348,2018-09-14T01:35:50Z,$955.18,c2da2ca9-fd1b-46b5-929d-11b5e5ab4793,8545858655
349,2018-04-28T22:59:12Z,$137.63,298b4ab8-6f1a-40d0-a9ef-2682a28ab207,7030328507
350,2018-05-28T21:48:24Z,$733.73,5147a268-814a-4ec4-8ed5-215d4ec0e82a,6550251605
351,2018-07-10T23:00:08Z,$772.92,5bf43436-5b5d-40c2-b3cc-c62cfd26bdea,3637013355
352,2018-11-10T07:48:03Z,$422.32,a2c76608-8344-4477-ae34-8e3aeb67d0a7,2970230054
353,2018-01-13T21:24:12Z,$874.30,ee1ef6d7-772e-4a5f-b6e2-29e49e528a0b,5418323601
354,2018-11-27T20:13:25Z,$54.28,719353e1-6a78-4156-8810-47f81c22079a,8445104934
355,2018-11-09T06:13:11Z,$216.62,a1043183-a3ae-448a-8b39-b46c9d97c8b4,7501285195
356,2018-05-30T00:17:38Z,$183.68,271ed074-ac92-41e1-b023-ff5913b2f196,8400736990
357,2018-06-18T07:58:45Z,$279.90,b11f9031-b4ce-42d9-90dd-03238651285b,9312190334
358,2018-10-06T17:43:47Z,$493.21,afa6e4c2-fc75-4788-8514-818e6dd85663,0795411227
359,2018-10-23T01:56:04Z,$767.04,680ee4b7-0df1-4643-af41-73673d8b3c40,8636349966
360,2018-11-22T05:50:15Z,$787.17,87214758-196c-4420-a91e-680c50d1dbef,6704753338
361,2018-07-17T03:02:04Z,$149.72,59a1f1ed-84e8-4e3b-89c4-9136c1afcdb0,3524806570
362,2018-05-01T10:13:32Z,$169.64,237c6478-0f1e-40e1-a79d-a323f3e7e2a7,7902815292
363,2018-08-01T23:06:03Z,$885.29,76113b09-f906-4e6a-80f3-a439ee004e49,5597225766
364,2018-09-06T16:31:32Z,$578.67,3442627b-f507-4244-bd14-c391268d044b,6081613429
365,2018-06-14T00:27:57Z,$880.08,ce50a98f-f5fd-4394-8ca7-6472e894b1d1,7080871662
366,2018-12-11T20:57:15Z,$109.40,648924d5-00e8-46be-8c2d-605c9bdf65e0,9978347941
367,2018-11-19T10:41:23Z,$138.56,0f455a87-0af1-45f4-b804-c893a20c6ca6,2905720786
368,2018-04-29T02:52:16Z,$524.80,75a42c0d-22e7-402e-aa2a-a993c69d86d5,6210571328
369,2018-03-21T02:16:26Z,$50.02,81f16c1d-91ec-487b-be92-c0974097ca35,3212171782
370,2018-01-16T07:23:38Z,$483.74,57706981-f9c1-499c-9f30-871335a1d73f,3514877505
371,2018-02-09T09:13:03Z,$591.99,cbbd9206-4b08-4faf-9820-4cac6d24444b,3596315360
372,2018-04-23T08:06:55Z,$222.53,fcb87513-52d2-4700-99e1-c2a30db9df65,9900313518
373,2018-02-27T09:29:19Z,$13.92,05e794b1-e716-41cd-b59f-40ebda6764fc,7984302863
374,2018-05-30T17:25:41Z,$928.85,c1476012-0b9c-4199-8512-05982ed1b0a1,8147523734
375,2018-04-02T05:53:35Z,$135.05,4d22e945-b634-4e68-b143-3127f947bcb9,0282676384
376,2018-06-10T23:02:58Z,$892.83,4e6e44b8-28d2-4a2a-ada2-afaf6f297079,3637013355
377,2018-01-22T19:35:07Z,$868.45,decb2604-c0a8-469b-af81-c32abbcbe4ae,2970230054
378,2018-08-21T09:36:53Z,$251.62,fa72dda9-c84a-4b32-adc2-d94b92508fec,5418323601
379,2018-07-14T19:26:52Z,$931.39,68c562dc-5c15-4843-9c37-c063f7adb758,8445104934
380,2018-02-02T06:54:39Z,$230.19,cb06ecbd-caa9-45a3-b254-e40d2ae8d234,7501285195
381,,$962.42,3c35af32-ee1c-40d6-a4b3-83eab019884f,8400736990
382,2018-08-02T05:08:18Z,$823.90,27438bb9-c6a7-42a8-b730-aec458993a52,9312190334
383,,$259.70,08272825-cd75-4512-a12c-86f1a494a49c,0795411227
384,2018-09-27T09:10:15Z,$447.10,ea964cbd-b573-4622-859f-431dc6b7db02,8636349966
385,2018-12-29T23:37:47Z,$197.77,93f8d478-e99f-4d49-8341-2d82b70b1196,6704753338
386,,$737.60,9f8f6d81-afd6-4e30-89ba-5c98d04d89dc,3524806570
387,2018-04-28T04:37:12Z,$642.49,7bad3bae-294b-4368-9880-892a7294c4b1,7902815292
388,2018-06-20T19:19:41Z,$928.72,f09417ed-6203-4fba-bf12-a1e9967993a0,5597225766
389,2018-11-12T07:39:58Z,$669.72,0dd693e4-460c-42f1-86d1-689fac4bf7e5,6081613429
390,,$770.22,1b17f990-9620-40b6-9247-8757069a5b82,7080871662
391,2018-02-10T13:22:39Z,$801.22,275103af-c34e-4dc1-8c2b-73f54be128fe,9978347941
392,2018-11-01T22:12:03Z,$968.43,c2821522-2dd0-4b01-9de0-52a75854b885,2905720786
393,2018-07-04T12:21:34Z,$689.96,5a562de9-f688-4ef1-b0c6-b463003b0fda,6210571328
394,2018-08-29T09:57:34Z,$43.43,fc77ce6d-07d1-494e-a4e3-3135e9094632,3212171782
395,2018-06-20T22:22:04Z,$791.09,b633ced5-f1f5-4c89-aefc-5ba8cb1b0065,3514877505
396,2018-08-05T03:43:02Z,$35.02,1208b3dc-f329-4ffb-b2fc-26c9f0966d44,3596315360
397,2018-08-06T09:31:59Z,$103.96,c57cdf5b-e792-4888-bbfb-23d630024a06,9900313518
398,2018-03-02T19:29:37Z,$998.89,16237c68-eca6-4684-aa9b-c706d1f241f7,7984302863
399,2018-11-18T00:16:46Z,$704.91,0228ad6d-9414-4982-9d41-b44dbfd0fc1b,8147523734
400,2018-09-25T16:08:45Z,$133.24,78516da6-ca30-4719-a15b-1efa9f1f30f2,0282676384
401,2018-04-27T17:18:57Z,$938.55,8a92f35d-edc0-405a-9f07-9baf46745bc7,7613694844
402,2018-04-09T02:27:31Z,$767.24,f9a4a08e-b0b2-493e-915e-1e6b35bee13d,1492612537
403,2018-09-15T08:17:11Z,$443.71,496c4bc4-6f45-4699-b44f-bda831b71faa,9115699277
404,2018-10-29T13:40:49Z,$590.57,2a8fd31a-4fa7-4135-b682-50ccfd3348d1,5716361811
405,2018-03-17T03:36:50Z,$510.33,7dace96a-3cd8-4a1a-8041-664407b87686,6276296473
406,2018-12-18T07:17:22Z,$397.12,df943cb7-31af-4f06-884e-b24db632b638,3872301128
407,2018-08-29T15:37:00Z,$461.16,93f1fa46-2d88-4af4-96ab-a8f982d13244,3105032754
408,2018-12-23T15:22:07Z,$354.92,10a5e889-8182-47c9-9117-799728c79561,3888974569
409,2018-02-25T21:39:46Z,$82.51,e1691edd-07af-411f-8e66-cb12b53be45b,4380052761
410,2018-06-13T00:04:20Z,$474.07,d83f9045-8e7a-4549-af99-c5bfe2f2d7f3,0039056910
411,2018-05-07T14:58:03Z,$573.27,a3a43426-b786-4058-85f1-40eb1a25a7dd,8094267607
412,2018-10-29T12:55:27Z,$980.12,72a99495-9bcc-4110-a652-9e850bd3ea5a,4374807969
413,2018-04-04T21:24:44Z,$187.16,ce0ee2b4-bfc8-4ca0-b883-fa67bffb2269,1790999480
414,2018-07-15T12:54:37Z,$310.64,91c88a72-52ce-4167-89a1-d25aca59ec35,9955105542
415,2018-06-12T07:16:13Z,$752.07,3507896b-6d63-4e0e-ba4e-6633bf31ae3e,5781984666
416,2018-02-24T02:48:14Z,$702.30,00d4c2e0-f234-4743-8354-6294f722a90d,9582173483
417,,$777.12,6cbb3afd-699b-4305-aa7d-29a737a6d841,0459368230
418,,$735.18,ed49e876-eba4-4a3d-a376-4060f3eac225,2670967086
419,2018-08-06T04:55:45Z,$147.83,61c1439d-0de1-4b2c-87e3-33d1f3bd3f7e,4546110308
420,2018-05-10T06:42:39Z,$240.09,1df933f0-9cd4-42bd-9d5f-3b4f453a1822,2207583074
421,2018-04-20T01:57:43Z,$858.48,b9749903-444f-427a-be31-2e006fa56627,9516244181
422,2018-06-18T08:50:22Z,$355.68,951e2d75-37e6-4fa8-ad43-4b35d630d79a,2759090248
423,2018-08-08T05:10:35Z,$287.59,9ecc312c-4268-4978-ad86-d04597f5a57c,8545858655
424,2018-04-10T11:31:11Z,$485.20,c4e1a6e7-1965-4a17-ae52-b604f4be07b4,7030328507
425,2018-07-28T23:08:11Z,$838.42,99940cc0-419b-4494-b2cc-b5c4ce8f26c4,6550251605
426,2018-04-13T01:43:18Z,$400.48,cc5e743f-5926-4193-abcc-aa947fa8928d,3637013355
427,2018-05-24T15:56:12Z,$516.18,3eb75b29-50e3-4e39-baa2-f6c91911af8b,2970230054
428,2018-02-23T11:15:21Z,$895.88,da85beda-b92a-4e32-8b64-1516f02844bb,5418323601
429,,$163.12,8e74c6bd-c408-442a-8f77-6e3f4fd45f0a,8445104934
430,2018-04-18T01:03:27Z,$697.56,4c3a6ce3-d8b4-4cbe-bf4c-68f885b41cf5,7501285195
431,2018-01-30T20:27:16Z,$580.84,43664dcc-01bd-435f-9544-20868db85832,8400736990
432,2018-10-08T09:03:08Z,$659.97,44f5a31b-a87d-4cd3-965e-7834ecb60da9,9312190334
433,2018-09-16T21:14:27Z,$853.38,847f1844-2ea2-41a0-92f9-2200a2215c39,0795411227
434,2018-02-19T12:31:31Z,$856.54,664ceae1-9b30-46e6-8742-7fdaf8ef50e3,8636349966
435,2018-09-27T10:11:48Z,$638.52,5a4379fa-0217-4a83-8c9d-513bb9e1a7cf,6704753338
436,2018-04-10T13:20:22Z,$327.65,aec43893-5a0b-453f-bc38-486390ec172c,3524806570
437,2018-11-06T04:01:46Z,$158.25,39cf781e-29c8-4c4a-9243-7967b30362fa,7902815292
438,2018-08-31T12:24:33Z,$947.36,ba051cf3-a7ce-4e4c-b405-f3191606788f,5597225766
439,2018-06-26T07:17:33Z,$151.34,767d0cb2-0c91-494c-93a6-85fb7d3ea59f,6081613429
440,2018-05-10T18:50:37Z,$716.46,bbf00dd1-ad3c-45c0-8517-220dfcf4c540,7080871662
441,,$387.84,0ed94d1f-678d-40e6-bfa7-17bdcefb0ed0,9978347941
442,2018-04-02T22:08:23Z,$908.14,1a55bd70-9551-4660-a9f4-f9e8518ac612,2905720786
443,2018-01-23T21:00:16Z,$325.58,6acdc182-1a72-4e1b-a5f6-166683a7ccc6,6210571328
444,2018-01-30T20:04:20Z,$898.46,8de6f8ad-18b7-4393-982b-55c049e03979,3212171782
445,2018-02-17T17:16:24Z,$370.14,66c52726-9c85-48e8-9d03-877123498b9e,3514877505
446,2018-09-28T15:10:01Z,$828.99,a3824605-8184-46cd-9af9-7f4c486b8f72,3596315360
447,2018-04-14T23:03:01Z,$131.48,f686e36e-551f-4ce5-b1bb-f7145c88fc5a,9900313518
448,2018-11-02T00:01:47Z,$851.58,32c6d9ed-a991-44d4-af3b-fc07c963aa8e,7984302863
449,2018-12-09T18:41:58Z,$585.10,b45ee442-1c21-4069-bfdc-5df4e83f9e24,8147523734
450,2018-02-03T09:57:53Z,$401.83,c3de3c12-5f39-4d89-9600-9355d67bb261,0282676384
451,,$363.56,ebc5ca8b-2d5d-4111-be2c-701a30f15e46,7613694844
452,2018-05-11T08:08:10Z,$988.64,ccf13fe5-3f55-485e-b089-711a25638a5f,1492612537
453,2018-09-05T12:02:39Z,$804.27,be769e88-9f56-455b-90d3-0d4122234d3d,9115699277
454,2018-09-03T16:20:59Z,$949.50,2b564fec-bc6a-4aa2-b295-c40aab573719,5716361811
455,2018-04-29T19:13:43Z,$903.86,5535c77a-4be4-4bb3-be40-2649d6cc194d,6276296473
456,2018-03-31T13:01:28Z,$413.78,d7670bb4-e32b-4d63-84f8-eda1afcd7f98,3872301128
457,2018-12-15T08:32:19Z,$578.77,de1bc0da-2993-4659-a493-734889fdcd4b,3105032754
458,2018-07-24T06:56:37Z,$105.62,74134012-cf9a-4f1e-bd03-df513d50b4e0,3888974569
459,2018-08-12T13:21:39Z,$592.91,70dc2fdb-d8a3-40e9-a397-b385097b2215,4380052761
460,2018-11-14T10:13:35Z,$567.60,23390320-3426-44e4-8631-7a172bc8b2c7,0039056910
461,2018-12-03T18:53:44Z,$913.12,00c7c10f-563b-4ab2-aa30-fc32f7ff301a,8094267607
462,,$718.15,2ea1f39f-2ab4-426a-af2f-4e132620bcd7,4374807969
463,2018-01-15T08:40:23Z,$818.28,793be44e-c870-4d75-8849-af31fae80db5,1790999480
464,2018-11-20T14:41:36Z,$242.05,0810104d-64e0-4469-93b2-c7738d71ca1a,9955105542
465,2018-11-15T23:28:48Z,$577.11,5fb6e0ae-f792-46c3-bcc7-3a708cdb0168,5781984666
466,2018-03-12T04:33:10Z,$632.43,8a039a5b-ae20-487f-bd50-64af7fdbdeba,9582173483
467,2018-06-14T17:39:09Z,$244.79,efbdc4d0-1e0d-4226-b38f-3b7430357ca7,0459368230
468,,$325.19,ef776da6-eb03-43ca-827c-178d7d037d9e,2670967086
469,2018-12-06T15:27:47Z,$473.68,5afe75b5-8945-4b2a-9b6c-9beda7f21a22,4546110308
470,2018-07-14T08:59:53Z,$54.47,d361885c-3509-4a6f-a8ee-c8b46b70febf,2207583074
471,2018-11-10T09:24:57Z,$101.81,5d323f46-cf31-4a0f-9cda-5f0a2fb4ed49,9516244181
472,2018-08-29T10:08:39Z,$650.36,b78e1b0b-8b4f-491d-8298-d036779dce63,2759090248
473,2018-06-18T03:31:08Z,$464.84,e452a561-825a-4825-9268-fda79c49f4c8,8545858655
474,2018-10-22T17:26:33Z,$939.30,364e3375-73a2-42a2-96b7-fb1fa48d483c,7030328507
475,2018-12-18T22:40:35Z,$291.38,c2da2ca9-fd1b-46b5-929d-11b5e5ab4793,6550251605
476,2018-08-28T03:12:36Z,$388.21,298b4ab8-6f1a-40d0-a9ef-2682a28ab207,3637013355
477,2018-08-25T15:04:02Z,$962.72,5147a268-814a-4ec4-8ed5-215d4ec0e82a,2970230054
478,2018-03-19T16:16:39Z,$420.68,9e343cd5-3a0b-41bf-a6bb-6e0297d5c3bc,5418323601
479,2018-09-14T20:56:09Z,$417.84,5bf43436-5b5d-40c2-b3cc-c62cfd26bdea,8445104934
480,2018-12-02T18:43:08Z,$279.12,a2c76608-8344-4477-ae34-8e3aeb67d0a7,7501285195
481,2018-11-18T18:27:38Z,$372.26,a1043183-a3ae-448a-8b39-b46c9d97c8b4,8400736990
482,2018-09-27T15:58:58Z,$978.93,271ed074-ac92-41e1-b023-ff5913b2f196,9312190334
483,2018-09-18T21:00:46Z,$467.09,b11f9031-b4ce-42d9-90dd-03238651285b,0795411227
484,2018-01-18T01:07:44Z,$926.96,afa6e4c2-fc75-4788-8514-818e6dd85663,8636349966
485,2018-02-17T02:56:11Z,$42.93,680ee4b7-0df1-4643-af41-73673d8b3c40,6704753338
486,2018-06-20T03:29:00Z,$254.14,87214758-196c-4420-a91e-680c50d1dbef,3524806570
487,2018-07-31T03:19:59Z,$406.66,59a1f1ed-84e8-4e3b-89c4-9136c1afcdb0,7902815292
488,2018-12-10T13:16:59Z,$135.04,2c077d12-d3fb-4b76-88a1-473d9ea62a41,5597225766
489,2018-02-09T02:17:03Z,$288.14,ce50a98f-f5fd-4394-8ca7-6472e894b1d1,6081613429
490,2018-08-15T15:28:27Z,$867.67,648924d5-00e8-46be-8c2d-605c9bdf65e0,7080871662
491,2018-07-13T07:09:34Z,$756.41,0f455a87-0af1-45f4-b804-c893a20c6ca6,9978347941
492,2018-06-06T15:43:20Z,$475.97,425375c7-b60b-4646-a391-3af3aff2a084,2905720786
493,2018-04-30T02:55:49Z,$892.56,75a42c0d-22e7-402e-aa2a-a993c69d86d5,6210571328
494,2018-05-22T05:52:03Z,$211.93,81f16c1d-91ec-487b-be92-c0974097ca35,3212171782
495,2018-04-01T13:20:39Z,$68.32,57706981-f9c1-499c-9f30-871335a1d73f,3514877505
496,2018-11-23T07:29:48Z,$48.32,cbbd9206-4b08-4faf-9820-4cac6d24444b,3596315360
497,2018-01-13T17:01:38Z,$49.14,fcb87513-52d2-4700-99e1-c2a30db9df65,9900313518
498,2018-01-02T16:34:03Z,$357.18,c1476012-0b9c-4199-8512-05982ed1b0a1,7984302863
499,2018-04-11T17:37:46Z,$837.99,4d22e945-b634-4e68-b143-3127f947bcb9,8147523734
500,2018-05-05T15:42:19Z,$810.85,74a89548-2a47-4f29-bc09-7d180d634c6f,0282676384
501,2018-03-28T07:26:15Z,$817.47,4e6e44b8-28d2-4a2a-ada2-afaf6f297079,3637013355
502,2018-04-10T15:17:06Z,$833.63,decb2604-c0a8-469b-af81-c32abbcbe4ae,2970230054
503,2018-04-08T11:22:17Z,$372.99,fa72dda9-c84a-4b32-adc2-d94b92508fec,5418323601
504,2018-09-08T15:13:42Z,$851.18,68c562dc-5c15-4843-9c37-c063f7adb758,8445104934
505,2018-04-20T15:38:11Z,$245.41,cb06ecbd-caa9-45a3-b254-e40d2ae8d234,7501285195
506,2018-06-12T20:27:44Z,$19.58,3c35af32-ee1c-40d6-a4b3-83eab019884f,8400736990
507,2018-10-12T07:10:54Z,$45.20,27438bb9-c6a7-42a8-b730-aec458993a52,9312190334
508,2018-02-05T22:27:41Z,$278.94,08272825-cd75-4512-a12c-86f1a494a49c,0795411227
509,2018-11-25T06:40:26Z,$88.48,ea964cbd-b573-4622-859f-431dc6b7db02,8636349966
510,2018-10-04T04:12:54Z,$642.47,93f8d478-e99f-4d49-8341-2d82b70b1196,6704753338
511,2018-03-30T14:37:04Z,$922.40,9f8f6d81-afd6-4e30-89ba-5c98d04d89dc,3524806570
512,2018-12-04T16:58:00Z,$294.92,7bad3bae-294b-4368-9880-892a7294c4b1,7902815292
513,2018-11-14T18:12:03Z,$970.23,2421f85b-b3d1-407c-b87a-b5ee78ea00e9,5597225766
514,2018-04-23T05:29:22Z,$438.24,f09417ed-6203-4fba-bf12-a1e9967993a0,6081613429
515,2018-03-04T16:23:45Z,$11.28,0dd693e4-460c-42f1-86d1-689fac4bf7e5,7080871662
516,2018-05-17T06:26:10Z,$656.63,1b17f990-9620-40b6-9247-8757069a5b82,9978347941
517,2018-06-22T09:18:33Z,$53.66,275103af-c34e-4dc1-8c2b-73f54be128fe,2905720786
518,,$510.71,7683bc69-776b-49a1-954c-6e44263044fd,6210571328
519,2018-09-04T06:58:40Z,$379.91,5a562de9-f688-4ef1-b0c6-b463003b0fda,3212171782
520,2018-12-07T14:16:33Z,$779.53,b11835ba-8e02-4a74-9f27-96088b8ea7c1,3514877505
521,2018-05-03T17:36:08Z,$441.44,fc77ce6d-07d1-494e-a4e3-3135e9094632,3596315360
522,2018-11-09T03:40:33Z,$4.38,cd13aab6-8ce1-42f1-a58c-7afdb4b26190,9900313518
523,2018-07-02T01:17:41Z,$448.27,12de753d-0ad8-40f6-9398-4bea7eed9b40,7984302863
524,2018-07-03T22:17:35Z,$71.32,b633ced5-f1f5-4c89-aefc-5ba8cb1b0065,8147523734
525,2018-08-07T06:49:00Z,$302.74,b86ba73e-bd10-4b36-88ee-4ed093933be7,0282676384
526,2018-10-26T06:08:37Z,$988.47,1208b3dc-f329-4ffb-b2fc-26c9f0966d44,7613694844
527,2018-01-23T08:44:26Z,$809.49,c57cdf5b-e792-4888-bbfb-23d630024a06,1492612537
528,2018-09-27T06:54:37Z,$783.80,16237c68-eca6-4684-aa9b-c706d1f241f7,9115699277
529,2018-11-26T20:44:16Z,$368.03,05374daa-f5b8-4c33-b6de-8c806caa6096,5716361811
530,2018-08-05T19:42:46Z,$293.54,78516da6-ca30-4719-a15b-1efa9f1f30f2,6276296473
531,,$121.72,8a92f35d-edc0-405a-9f07-9baf46745bc7,3872301128
532,2018-07-20T07:14:20Z,$630.71,f9a4a08e-b0b2-493e-915e-1e6b35bee13d,3105032754
533,2018-04-12T04:48:13Z,$163.76,496c4bc4-6f45-4699-b44f-bda831b71faa,3888974569
534,2018-01-15T21:46:44Z,$513.51,10a5e889-8182-47c9-9117-799728c79561,4380052761
535,2018-05-23T07:17:05Z,$657.27,e1691edd-07af-411f-8e66-cb12b53be45b,0039056910
536,2018-09-30T00:02:12Z,$777.38,d83f9045-8e7a-4549-af99-c5bfe2f2d7f3,8094267607
537,2018-11-01T07:18:42Z,$470.06,a3a43426-b786-4058-85f1-40eb1a25a7dd,4374807969
538,2018-06-05T21:44:51Z,$432.59,72a99495-9bcc-4110-a652-9e850bd3ea5a,1790999480
539,2018-09-07T22:34:08Z,$836.14,24b2c97b-53c0-4cbc-a1e6-664f2eac42da,9955105542
540,2018-08-22T23:33:02Z,$556.55,ce0ee2b4-bfc8-4ca0-b883-fa67bffb2269,5781984666
541,2018-11-15T08:12:59Z,$930.91,91c88a72-52ce-4167-89a1-d25aca59ec35,9582173483
542,2018-01-20T08:07:41Z,$378.65,3507896b-6d63-4e0e-ba4e-6633bf31ae3e,0459368230
543,2018-12-01T11:03:24Z,$313.49,ed49e876-eba4-4a3d-a376-4060f3eac225,2670967086
544,2018-08-07T17:52:25Z,$735.30,61c1439d-0de1-4b2c-87e3-33d1f3bd3f7e,4546110308
545,2018-06-13T21:04:59Z,$573.16,1df933f0-9cd4-42bd-9d5f-3b4f453a1822,2207583074
546,2018-08-20T18:39:34Z,$542.17,b9749903-444f-427a-be31-2e006fa56627,9516244181
547,2018-08-26T17:30:05Z,$193.17,951e2d75-37e6-4fa8-ad43-4b35d630d79a,2759090248
548,2018-08-10T07:44:54Z,$649.82,9ecc312c-4268-4978-ad86-d04597f5a57c,8545858655
549,2018-09-06T15:52:49Z,$432.95,c4e1a6e7-1965-4a17-ae52-b604f4be07b4,7030328507
550,2018-12-11T03:40:14Z,$232.10,99940cc0-419b-4494-b2cc-b5c4ce8f26c4,6550251605
551,2018-05-13T10:22:58Z,$429.10,cc5e743f-5926-4193-abcc-aa947fa8928d,3637013355
552,2018-12-02T12:33:53Z,$506.67,3eb75b29-50e3-4e39-baa2-f6c91911af8b,2970230054
553,2018-08-14T01:20:14Z,$990.90,8e74c6bd-c408-442a-8f77-6e3f4fd45f0a,5418323601
554,2018-06-28T23:23:46Z,$651.19,4c3a6ce3-d8b4-4cbe-bf4c-68f885b41cf5,8445104934
555,2018-02-16T06:31:59Z,$791.08,847f1844-2ea2-41a0-92f9-2200a2215c39,7501285195
556,2018-03-04T17:04:30Z,$867.95,664ceae1-9b30-46e6-8742-7fdaf8ef50e3,8400736990
557,2018-05-14T03:15:49Z,$472.73,5a4379fa-0217-4a83-8c9d-513bb9e1a7cf,9312190334
558,2018-02-03T20:12:05Z,$585.94,aec43893-5a0b-453f-bc38-486390ec172c,0795411227
559,2018-06-04T20:19:16Z,$354.93,39cf781e-29c8-4c4a-9243-7967b30362fa,8636349966
560,2018-04-06T22:13:46Z,$765.20,ba051cf3-a7ce-4e4c-b405-f3191606788f,6704753338
561,2018-08-06T07:55:34Z,$331.85,767d0cb2-0c91-494c-93a6-85fb7d3ea59f,3524806570
562,2018-05-23T09:38:22Z,$179.71,bbf00dd1-ad3c-45c0-8517-220dfcf4c540,7902815292
563,2018-01-02T11:13:51Z,$960.40,0ed94d1f-678d-40e6-bfa7-17bdcefb0ed0,5597225766
564,2018-02-23T07:08:33Z,$546.03,1a55bd70-9551-4660-a9f4-f9e8518ac612,6081613429
565,2018-07-21T18:09:10Z,$772.20,6acdc182-1a72-4e1b-a5f6-166683a7ccc6,7080871662
566,2018-03-11T00:08:49Z,$746.20,8de6f8ad-18b7-4393-982b-55c049e03979,9978347941
567,2018-12-11T01:52:58Z,$437.53,66c52726-9c85-48e8-9d03-877123498b9e,2905720786
568,2018-08-16T09:28:33Z,$638.74,a3824605-8184-46cd-9af9-7f4c486b8f72,6210571328
569,,$4.15,f686e36e-551f-4ce5-b1bb-f7145c88fc5a,3212171782
570,2018-02-19T16:17:31Z,$510.17,32c6d9ed-a991-44d4-af3b-fc07c963aa8e,3514877505
571,,$203.14,b45ee442-1c21-4069-bfdc-5df4e83f9e24,3596315360
572,2018-02-04T13:47:23Z,$552.17,c3de3c12-5f39-4d89-9600-9355d67bb261,9900313518
573,2018-01-17T23:01:31Z,$67.81,e2871875-49a1-4e57-94bd-cbf43f7decad,7984302863
574,2018-02-11T22:13:11Z,$906.14,ccf13fe5-3f55-485e-b089-711a25638a5f,8147523734
575,2018-03-31T10:03:30Z,$730.53,be769e88-9f56-455b-90d3-0d4122234d3d,0282676384
576,2018-03-25T11:24:47Z,$646.89,2b564fec-bc6a-4aa2-b295-c40aab573719,7613694844
577,2018-03-18T06:24:22Z,$21.84,5535c77a-4be4-4bb3-be40-2649d6cc194d,1492612537
578,2018-12-30T13:43:45Z,$329.62,d7670bb4-e32b-4d63-84f8-eda1afcd7f98,9115699277
579,2018-10-04T05:08:32Z,$734.57,de1bc0da-2993-4659-a493-734889fdcd4b,5716361811
580,2018-03-28T19:25:52Z,$644.57,06424845-aaff-4968-b884-88f9fbc55767,6276296473
581,2018-09-16T06:11:50Z,$861.07,74134012-cf9a-4f1e-bd03-df513d50b4e0,3872301128
582,2018-07-26T03:54:15Z,$296.04,23390320-3426-44e4-8631-7a172bc8b2c7,3105032754
583,,$726.82,00c7c10f-563b-4ab2-aa30-fc32f7ff301a,3888974569
584,2018-03-18T15:43:56Z,$782.35,bc742c25-e095-44af-a41a-56a09c0483fc,4380052761
585,2018-11-09T11:00:30Z,$12.77,2ea1f39f-2ab4-426a-af2f-4e132620bcd7,0039056910
586,2018-12-09T18:24:33Z,$361.98,793be44e-c870-4d75-8849-af31fae80db5,8094267607
587,,$955.50,0810104d-64e0-4469-93b2-c7738d71ca1a,4374807969
588,2018-05-24T15:17:36Z,$598.06,8a039a5b-ae20-487f-bd50-64af7fdbdeba,1790999480
589,2018-05-04T21:02:40Z,$337.76,efbdc4d0-1e0d-4226-b38f-3b7430357ca7,9955105542
590,2018-05-08T12:17:55Z,$989.68,ef776da6-eb03-43ca-827c-178d7d037d9e,5781984666
591,2018-10-02T19:35:52Z,$555.50,5afe75b5-8945-4b2a-9b6c-9beda7f21a22,9582173483
592,2018-11-06T09:54:34Z,$254.42,5d323f46-cf31-4a0f-9cda-5f0a2fb4ed49,0459368230
593,2018-03-28T16:47:24Z,$31.34,b78e1b0b-8b4f-491d-8298-d036779dce63,2670967086
594,2018-06-16T13:19:17Z,$300.27,e452a561-825a-4825-9268-fda79c49f4c8,4546110308
595,2018-06-28T00:41:48Z,$380.90,364e3375-73a2-42a2-96b7-fb1fa48d483c,2207583074
596,2018-11-18T16:10:31Z,$99.35,c2da2ca9-fd1b-46b5-929d-11b5e5ab4793,9516244181
597,2018-09-13T04:25:29Z,$395.70,298b4ab8-6f1a-40d0-a9ef-2682a28ab207,2759090248
598,,$913.77,5147a268-814a-4ec4-8ed5-215d4ec0e82a,8545858655
599,2018-03-24T05:29:34Z,$9.67,9e343cd5-3a0b-41bf-a6bb-6e0297d5c3bc,7030328507
600,2018-11-29T07:28:32Z,$104.10,5bf43436-5b5d-40c2-b3cc-c62cfd26bdea,6550251605
601,2018-06-29T12:40:39Z,$886.63,a2c76608-8344-4477-ae34-8e3aeb67d0a7,3637013355
602,2018-06-10T10:27:27Z,$165.91,719353e1-6a78-4156-8810-47f81c22079a,2970230054
603,2018-05-21T04:54:01Z,$539.66,a1043183-a3ae-448a-8b39-b46c9d97c8b4,5418323601
604,2018-03-07T21:55:26Z,$311.00,afa6e4c2-fc75-4788-8514-818e6dd85663,8445104934
605,,$532.85,680ee4b7-0df1-4643-af41-73673d8b3c40,7501285195
606,2018-01-31T00:13:47Z,$912.17,87214758-196c-4420-a91e-680c50d1dbef,8400736990
607,2018-08-31T07:26:54Z,$882.36,59a1f1ed-84e8-4e3b-89c4-9136c1afcdb0,9312190334
608,2018-07-07T18:14:49Z,$16.84,237c6478-0f1e-40e1-a79d-a323f3e7e2a7,0795411227
609,2018-05-04T14:28:38Z,$869.75,76113b09-f906-4e6a-80f3-a439ee004e49,8636349966
610,,$967.97,2c077d12-d3fb-4b76-88a1-473d9ea62a41,6704753338
611,2018-03-16T05:18:10Z,$982.91,3442627b-f507-4244-bd14-c391268d044b,3524806570
612,2018-08-15T00:10:15Z,$775.09,ce50a98f-f5fd-4394-8ca7-6472e894b1d1,7902815292
613,2018-04-16T10:26:49Z,$267.92,648924d5-00e8-46be-8c2d-605c9bdf65e0,5597225766
614,2018-08-30T01:39:57Z,$323.28,0f455a87-0af1-45f4-b804-c893a20c6ca6,6081613429
615,2018-07-11T22:20:14Z,$373.04,425375c7-b60b-4646-a391-3af3aff2a084,7080871662
616,2018-09-05T00:47:45Z,$619.81,75a42c0d-22e7-402e-aa2a-a993c69d86d5,9978347941
617,2018-10-20T13:06:02Z,$882.71,81f16c1d-91ec-487b-be92-c0974097ca35,2905720786
618,2018-04-25T16:00:45Z,$164.94,57706981-f9c1-499c-9f30-871335a1d73f,6210571328
619,2018-07-25T01:18:54Z,$280.09,cbbd9206-4b08-4faf-9820-4cac6d24444b,3212171782
620,2018-06-07T06:39:32Z,$991.71,fcb87513-52d2-4700-99e1-c2a30db9df65,3514877505
621,2018-10-12T15:17:44Z,$180.34,05e794b1-e716-41cd-b59f-40ebda6764fc,3596315360
622,2018-09-22T07:18:35Z,$902.40,4d22e945-b634-4e68-b143-3127f947bcb9,9900313518
623,2018-12-16T08:06:09Z,$684.88,74a89548-2a47-4f29-bc09-7d180d634c6f,7984302863
624,2018-11-13T05:25:29Z,$957.24,6cd5bf31-119b-412f-a643-07da38fd114e,8147523734
625,2018-02-07T12:35:16Z,$879.86,c6da3ae6-7798-42ec-82ea-c5865257d9bc,0282676384
626,2018-05-13T04:03:07Z,$347.57,4e6e44b8-28d2-4a2a-ada2-afaf6f297079,3637013355
627,,$491.43,fa72dda9-c84a-4b32-adc2-d94b92508fec,2970230054
628,2018-05-01T14:52:35Z,$409.75,68c562dc-5c15-4843-9c37-c063f7adb758,5418323601
629,2018-05-26T15:53:01Z,$204.35,cb06ecbd-caa9-45a3-b254-e40d2ae8d234,8445104934
630,2018-02-21T13:39:57Z,$82.01,3c35af32-ee1c-40d6-a4b3-83eab019884f,7501285195
631,2018-04-14T18:09:42Z,$307.86,27438bb9-c6a7-42a8-b730-aec458993a52,8400736990
632,2018-01-18T23:43:49Z,$229.04,08272825-cd75-4512-a12c-86f1a494a49c,9312190334
633,2018-04-04T09:02:32Z,$157.10,ea964cbd-b573-4622-859f-431dc6b7db02,0795411227
634,2018-08-21T17:33:40Z,$915.25,93f8d478-e99f-4d49-8341-2d82b70b1196,8636349966
635,2018-04-22T07:42:11Z,$988.55,9f8f6d81-afd6-4e30-89ba-5c98d04d89dc,6704753338
636,2018-05-07T20:30:36Z,$218.26,7bad3bae-294b-4368-9880-892a7294c4b1,3524806570
637,2018-03-23T19:28:18Z,$864.32,2421f85b-b3d1-407c-b87a-b5ee78ea00e9,7902815292
638,2018-11-30T04:49:42Z,$111.86,f09417ed-6203-4fba-bf12-a1e9967993a0,5597225766
639,2018-05-25T21:57:24Z,$209.15,0dd693e4-460c-42f1-86d1-689fac4bf7e5,6081613429
640,2018-03-29T00:18:28Z,$384.91,1b17f990-9620-40b6-9247-8757069a5b82,7080871662
641,2018-05-30T02:30:31Z,$836.05,275103af-c34e-4dc1-8c2b-73f54be128fe,9978347941
642,2018-07-09T10:33:26Z,$177.38,c2821522-2dd0-4b01-9de0-52a75854b885,2905720786
643,2018-01-10T20:54:19Z,$830.63,7683bc69-776b-49a1-954c-6e44263044fd,6210571328
644,2018-06-03T10:54:30Z,$693.34,fc77ce6d-07d1-494e-a4e3-3135e9094632,3212171782
645,2018-07-20T11:40:24Z,$358.69,12de753d-0ad8-40f6-9398-4bea7eed9b40,3514877505
646,2018-05-13T00:34:50Z,$568.49,b633ced5-f1f5-4c89-aefc-5ba8cb1b0065,3596315360
647,2018-01-29T18:41:59Z,$485.01,b86ba73e-bd10-4b36-88ee-4ed093933be7,9900313518
648,2018-01-13T19:14:47Z,$974.28,1208b3dc-f329-4ffb-b2fc-26c9f0966d44,7984302863
649,2018-07-17T19:51:14Z,$832.16,c57cdf5b-e792-4888-bbfb-23d630024a06,8147523734
650,2018-03-16T22:35:12Z,$455.32,16237c68-eca6-4684-aa9b-c706d1f241f7,0282676384
651,2018-10-14T00:23:34Z,$769.73,05374daa-f5b8-4c33-b6de-8c806caa6096,7613694844
652,,$298.46,0228ad6d-9414-4982-9d41-b44dbfd0fc1b,1492612537
653,2018-06-03T06:11:37Z,$173.74,78516da6-ca30-4719-a15b-1efa9f1f30f2,9115699277
654,2018-04-27T13:36:12Z,$410.37,3c062575-fb08-469f-b185-7db9b49e6622,5716361811
655,2018-03-08T04:07:29Z,$489.01,8a92f35d-edc0-405a-9f07-9baf46745bc7,6276296473
656,,$17.66,f9a4a08e-b0b2-493e-915e-1e6b35bee13d,3872301128
657,2018-07-13T18:19:39Z,$528.28,496c4bc4-6f45-4699-b44f-bda831b71faa,3105032754
658,2018-02-03T22:36:08Z,$647.65,2a8fd31a-4fa7-4135-b682-50ccfd3348d1,3888974569
659,2018-03-13T16:42:07Z,$957.35,7dace96a-3cd8-4a1a-8041-664407b87686,4380052761
660,2018-07-07T11:23:52Z,$180.29,df943cb7-31af-4f06-884e-b24db632b638,0039056910
661,2018-09-12T14:38:25Z,$482.04,93f1fa46-2d88-4af4-96ab-a8f982d13244,8094267607
662,2018-04-21T09:18:59Z,$668.46,10a5e889-8182-47c9-9117-799728c79561,4374807969
663,2018-08-21T01:04:19Z,$17.71,e1691edd-07af-411f-8e66-cb12b53be45b,1790999480
664,2018-04-07T20:05:40Z,$89.48,d83f9045-8e7a-4549-af99-c5bfe2f2d7f3,9955105542
665,2018-03-03T03:49:34Z,$902.43,a3a43426-b786-4058-85f1-40eb1a25a7dd,5781984666
666,2018-10-04T02:05:50Z,$869.55,ce0ee2b4-bfc8-4ca0-b883-fa67bffb2269,9582173483
667,2018-10-01T01:02:14Z,$963.06,91c88a72-52ce-4167-89a1-d25aca59ec35,0459368230
668,2018-01-17T07:50:36Z,$502.50,3507896b-6d63-4e0e-ba4e-6633bf31ae3e,2670967086
669,,$403.96,ed49e876-eba4-4a3d-a376-4060f3eac225,4546110308
670,2018-06-12T08:37:30Z,$589.85,61c1439d-0de1-4b2c-87e3-33d1f3bd3f7e,2207583074
671,2018-03-11T21:10:58Z,$576.66,1df933f0-9cd4-42bd-9d5f-3b4f453a1822,9516244181
672,2018-08-08T06:19:51Z,$618.47,b9749903-444f-427a-be31-2e006fa56627,2759090248
673,2018-06-10T04:10:13Z,$852.23,9ecc312c-4268-4978-ad86-d04597f5a57c,8545858655
674,2018-11-18T22:25:13Z,$886.27,c4e1a6e7-1965-4a17-ae52-b604f4be07b4,7030328507
675,2018-12-15T18:47:00Z,$904.60,cc5e743f-5926-4193-abcc-aa947fa8928d,6550251605
676,,$409.78,3eb75b29-50e3-4e39-baa2-f6c91911af8b,3637013355
677,2018-08-28T07:37:59Z,$879.34,da85beda-b92a-4e32-8b64-1516f02844bb,2970230054
678,2018-11-23T21:57:57Z,$505.61,8e74c6bd-c408-442a-8f77-6e3f4fd45f0a,5418323601
679,2018-09-20T03:44:23Z,$995.63,4c3a6ce3-d8b4-4cbe-bf4c-68f885b41cf5,8445104934
680,2018-08-01T18:36:47Z,$655.24,43664dcc-01bd-435f-9544-20868db85832,7501285195
681,,$762.27,44f5a31b-a87d-4cd3-965e-7834ecb60da9,8400736990
682,2018-03-03T08:27:10Z,$439.23,847f1844-2ea2-41a0-92f9-2200a2215c39,9312190334
683,2018-11-21T01:20:45Z,$502.31,5a4379fa-0217-4a83-8c9d-513bb9e1a7cf,0795411227
684,2018-03-24T02:38:38Z,$612.52,aec43893-5a0b-453f-bc38-486390ec172c,8636349966
685,,$935.68,39cf781e-29c8-4c4a-9243-7967b30362fa,6704753338
686,,$557.26,ba051cf3-a7ce-4e4c-b405-f3191606788f,3524806570
687,2018-01-30T16:40:08Z,$465.82,0ed94d1f-678d-40e6-bfa7-17bdcefb0ed0,7902815292
688,2018-05-05T04:39:45Z,$297.66,1a55bd70-9551-4660-a9f4-f9e8518ac612,5597225766
689,2018-04-01T12:14:51Z,$307.51,8de6f8ad-18b7-4393-982b-55c049e03979,6081613429
690,2018-02-25T20:18:00Z,$584.04,66c52726-9c85-48e8-9d03-877123498b9e,7080871662
691,2018-03-27T22:08:42Z,$135.35,a3824605-8184-46cd-9af9-7f4c486b8f72,9978347941
692,2018-07-20T21:57:38Z,$959.41,f686e36e-551f-4ce5-b1bb-f7145c88fc5a,2905720786
693,2018-04-01T19:18:26Z,$838.92,c3de3c12-5f39-4d89-9600-9355d67bb261,6210571328
694,2018-09-22T16:40:31Z,$892.61,ebc5ca8b-2d5d-4111-be2c-701a30f15e46,3212171782
695,,$224.40,e2871875-49a1-4e57-94bd-cbf43f7decad,3514877505
696,2018-02-17T12:57:40Z,$583.10,ccf13fe5-3f55-485e-b089-711a25638a5f,3596315360
697,2018-11-25T01:23:06Z,$988.81,be769e88-9f56-455b-90d3-0d4122234d3d,9900313518
698,2018-09-29T08:26:52Z,$809.34,2b564fec-bc6a-4aa2-b295-c40aab573719,7984302863
699,2018-10-31T17:08:33Z,$836.36,5535c77a-4be4-4bb3-be40-2649d6cc194d,8147523734
700,2018-02-12T17:22:48Z,$907.87,d7670bb4-e32b-4d63-84f8-eda1afcd7f98,0282676384
701,2018-11-04T21:03:49Z,$709.68,de1bc0da-2993-4659-a493-734889fdcd4b,7613694844
702,2018-07-10T12:04:23Z,$228.82,a167acdd-8dd2-4821-aede-8d11951bfee4,1492612537
703,2018-04-20T07:12:09Z,$808.58,06424845-aaff-4968-b884-88f9fbc55767,9115699277
704,2018-07-12T14:17:24Z,$709.66,74134012-cf9a-4f1e-bd03-df513d50b4e0,5716361811
705,2018-03-17T23:39:42Z,$385.90,70dc2fdb-d8a3-40e9-a397-b385097b2215,6276296473
706,2018-07-09T07:10:03Z,$463.21,23390320-3426-44e4-8631-7a172bc8b2c7,3872301128
707,2018-09-07T11:26:51Z,$82.96,00c7c10f-563b-4ab2-aa30-fc32f7ff301a,3105032754
708,2018-02-21T15:24:58Z,$80.61,bc742c25-e095-44af-a41a-56a09c0483fc,3888974569
709,2018-08-27T00:28:39Z,$695.50,2ea1f39f-2ab4-426a-af2f-4e132620bcd7,4380052761
710,2018-03-31T09:30:18Z,$599.46,793be44e-c870-4d75-8849-af31fae80db5,0039056910
711,2018-11-07T15:52:12Z,$12.30,0810104d-64e0-4469-93b2-c7738d71ca1a,8094267607
712,2018-05-30T21:51:03Z,$567.37,5fb6e0ae-f792-46c3-bcc7-3a708cdb0168,4374807969
713,2018-09-29T00:19:37Z,$807.43,8a039a5b-ae20-487f-bd50-64af7fdbdeba,1790999480
714,2018-10-21T02:44:22Z,$458.83,efbdc4d0-1e0d-4226-b38f-3b7430357ca7,9955105542
715,2018-08-22T17:19:30Z,$537.16,ef776da6-eb03-43ca-827c-178d7d037d9e,5781984666
716,2018-05-11T15:33:41Z,$37.20,b78e1b0b-8b4f-491d-8298-d036779dce63,9582173483
717,2018-11-03T14:04:29Z,$928.96,298b4ab8-6f1a-40d0-a9ef-2682a28ab207,0459368230
718,2018-05-31T06:13:40Z,$201.79,5147a268-814a-4ec4-8ed5-215d4ec0e82a,2670967086
719,2018-01-01T03:07:55Z,$588.72,9e343cd5-3a0b-41bf-a6bb-6e0297d5c3bc,4546110308
720,2018-08-26T19:52:08Z,$22.38,5bf43436-5b5d-40c2-b3cc-c62cfd26bdea,2207583074
721,2018-12-25T19:27:25Z,$10.43,ee1ef6d7-772e-4a5f-b6e2-29e49e528a0b,9516244181
722,2018-05-29T08:06:03Z,$150.39,719353e1-6a78-4156-8810-47f81c22079a,2759090248
723,2018-08-21T08:14:43Z,$563.01,a1043183-a3ae-448a-8b39-b46c9d97c8b4,8545858655
724,2018-01-19T09:23:46Z,$713.83,b11f9031-b4ce-42d9-90dd-03238651285b,7030328507
725,2018-06-17T22:55:15Z,$187.44,afa6e4c2-fc75-4788-8514-818e6dd85663,6550251605
726,2018-05-04T23:23:14Z,$233.95,680ee4b7-0df1-4643-af41-73673d8b3c40,3637013355
727,2018-06-21T04:17:36Z,$594.19,87214758-196c-4420-a91e-680c50d1dbef,2970230054
728,2018-12-18T13:25:07Z,$793.80,237c6478-0f1e-40e1-a79d-a323f3e7e2a7,5418323601
729,2018-09-24T13:02:51Z,$682.39,76113b09-f906-4e6a-80f3-a439ee004e49,8445104934
730,2018-07-29T05:00:30Z,$800.52,3442627b-f507-4244-bd14-c391268d044b,7501285195
731,2018-05-13T17:39:58Z,$415.30,ce50a98f-f5fd-4394-8ca7-6472e894b1d1,8400736990
732,2018-01-08T04:18:03Z,$222.71,648924d5-00e8-46be-8c2d-605c9bdf65e0,9312190334
733,2018-06-03T19:38:47Z,$27.72,0f455a87-0af1-45f4-b804-c893a20c6ca6,0795411227
734,2018-02-24T20:58:13Z,$599.13,425375c7-b60b-4646-a391-3af3aff2a084,8636349966
735,2018-08-12T13:25:01Z,$110.81,75a42c0d-22e7-402e-aa2a-a993c69d86d5,6704753338
736,2018-12-25T19:16:12Z,$400.68,81f16c1d-91ec-487b-be92-c0974097ca35,3524806570
737,2018-07-09T20:27:33Z,$441.63,57706981-f9c1-499c-9f30-871335a1d73f,7902815292
738,2018-02-14T11:28:07Z,$850.33,cbbd9206-4b08-4faf-9820-4cac6d24444b,5597225766
739,2018-10-13T03:06:13Z,$190.51,fcb87513-52d2-4700-99e1-c2a30db9df65,6081613429
740,2018-05-17T23:04:36Z,$741.71,05e794b1-e716-41cd-b59f-40ebda6764fc,7080871662
741,2018-06-18T20:39:59Z,$957.32,c1476012-0b9c-4199-8512-05982ed1b0a1,9978347941
742,,$422.21,4d22e945-b634-4e68-b143-3127f947bcb9,2905720786
743,2018-08-19T21:17:46Z,$795.48,74a89548-2a47-4f29-bc09-7d180d634c6f,6210571328
744,2018-08-10T06:14:02Z,$371.30,6cd5bf31-119b-412f-a643-07da38fd114e,3212171782
745,2018-05-29T17:06:45Z,$226.43,38ecdcf3-4840-4dec-a61d-86a009bd9dc1,3514877505
746,2018-01-14T09:03:57Z,$589.54,25ccaa14-67d4-41c3-9d57-f472cf136d17,3596315360
747,2018-11-28T12:22:58Z,$953.56,07e82918-e76d-47dc-a402-408ba7eb8af3,9900313518
748,2018-09-01T23:07:11Z,$945.40,c8af19b0-c0cc-46e6-838d-d3fbe024c53c,7984302863
749,2018-08-07T22:19:13Z,$420.60,6614c5b1-e0a3-4e92-be25-f8d78e10443a,8147523734
750,2018-12-22T19:59:02Z,$315.87,846475cb-6cbb-4614-a373-f2d2ba3b971f,0282676384
751,2018-08-15T19:21:01Z,$550.26,4e6e44b8-28d2-4a2a-ada2-afaf6f297079,3637013355
752,2018-01-23T06:55:56Z,$60.74,decb2604-c0a8-469b-af81-c32abbcbe4ae,2970230054
753,2018-04-06T21:43:19Z,$677.29,fa72dda9-c84a-4b32-adc2-d94b92508fec,5418323601
754,2018-07-11T17:30:47Z,$62.58,68c562dc-5c15-4843-9c37-c063f7adb758,8445104934
755,2018-07-29T21:30:06Z,$443.26,cb06ecbd-caa9-45a3-b254-e40d2ae8d234,7501285195
756,2018-01-31T01:10:50Z,$777.47,3c35af32-ee1c-40d6-a4b3-83eab019884f,8400736990
757,2018-06-02T18:43:38Z,$193.46,08272825-cd75-4512-a12c-86f1a494a49c,9312190334
758,2018-04-13T09:38:06Z,$528.92,ea964cbd-b573-4622-859f-431dc6b7db02,0795411227
759,2018-03-10T12:43:52Z,$487.04,93f8d478-e99f-4d49-8341-2d82b70b1196,8636349966
760,2018-04-17T15:54:52Z,$484.30,9f8f6d81-afd6-4e30-89ba-5c98d04d89dc,6704753338
761,2018-02-19T05:38:31Z,$486.85,7bad3bae-294b-4368-9880-892a7294c4b1,3524806570
762,2018-10-27T11:28:46Z,$477.17,2421f85b-b3d1-407c-b87a-b5ee78ea00e9,7902815292
763,2018-05-03T13:55:08Z,$881.96,f09417ed-6203-4fba-bf12-a1e9967993a0,5597225766
764,2018-04-13T00:11:37Z,$504.20,1b17f990-9620-40b6-9247-8757069a5b82,6081613429
765,2018-08-19T13:11:24Z,$631.20,275103af-c34e-4dc1-8c2b-73f54be128fe,7080871662
766,2018-12-24T03:35:58Z,$107.05,c2821522-2dd0-4b01-9de0-52a75854b885,9978347941
767,2018-04-12T06:59:35Z,$810.56,7683bc69-776b-49a1-954c-6e44263044fd,2905720786
768,2018-05-28T06:58:26Z,$931.36,5a562de9-f688-4ef1-b0c6-b463003b0fda,6210571328
769,2018-01-30T21:41:45Z,$381.10,fc77ce6d-07d1-494e-a4e3-3135e9094632,3212171782
770,2018-03-09T06:53:39Z,$813.80,12de753d-0ad8-40f6-9398-4bea7eed9b40,3514877505
771,2018-08-18T04:06:08Z,$997.71,1208b3dc-f329-4ffb-b2fc-26c9f0966d44,3596315360
772,2018-07-09T01:35:09Z,$478.59,c57cdf5b-e792-4888-bbfb-23d630024a06,9900313518
773,2018-04-12T00:50:10Z,$175.34,16237c68-eca6-4684-aa9b-c706d1f241f7,7984302863
774,,$352.76,05374daa-f5b8-4c33-b6de-8c806caa6096,8147523734
775,2018-01-19T08:01:25Z,$218.71,0228ad6d-9414-4982-9d41-b44dbfd0fc1b,0282676384
776,,$346.41,3c062575-fb08-469f-b185-7db9b49e6622,7613694844
777,2018-06-19T20:15:16Z,$667.29,f9a4a08e-b0b2-493e-915e-1e6b35bee13d,1492612537
778,2018-03-01T18:48:03Z,$38.95,496c4bc4-6f45-4699-b44f-bda831b71faa,9115699277
779,2018-06-18T19:35:07Z,$448.64,2a8fd31a-4fa7-4135-b682-50ccfd3348d1,5716361811
780,2018-05-20T19:04:28Z,$249.17,7dace96a-3cd8-4a1a-8041-664407b87686,6276296473
781,2018-12-18T12:59:48Z,$159.08,df943cb7-31af-4f06-884e-b24db632b638,3872301128
782,2018-03-24T20:40:07Z,$351.67,93f1fa46-2d88-4af4-96ab-a8f982d13244,3105032754
783,2018-09-02T18:56:20Z,$211.69,10a5e889-8182-47c9-9117-799728c79561,3888974569
784,2018-07-12T17:05:48Z,$655.36,e1691edd-07af-411f-8e66-cb12b53be45b,4380052761
785,2018-03-12T23:10:56Z,$414.63,d83f9045-8e7a-4549-af99-c5bfe2f2d7f3,0039056910
786,2018-11-07T08:24:24Z,$840.64,a3a43426-b786-4058-85f1-40eb1a25a7dd,8094267607
787,2018-11-17T16:51:26Z,$199.17,72a99495-9bcc-4110-a652-9e850bd3ea5a,4374807969
788,2018-01-20T00:14:06Z,$172.81,24b2c97b-53c0-4cbc-a1e6-664f2eac42da,1790999480
789,2018-10-30T10:30:22Z,$832.75,ce0ee2b4-bfc8-4ca0-b883-fa67bffb2269,9955105542
790,2018-11-12T14:57:30Z,$821.70,91c88a72-52ce-4167-89a1-d25aca59ec35,5781984666
791,2018-11-09T10:43:33Z,$213.81,3507896b-6d63-4e0e-ba4e-6633bf31ae3e,9582173483
792,2018-02-26T02:59:43Z,$709.82,00d4c2e0-f234-4743-8354-6294f722a90d,0459368230
793,2018-05-28T17:56:04Z,$575.39,6cbb3afd-699b-4305-aa7d-29a737a6d841,2670967086
794,2018-12-22T22:56:48Z,$1.76,ed49e876-eba4-4a3d-a376-4060f3eac225,4546110308
795,2018-09-20T20:50:40Z,$299.91,61c1439d-0de1-4b2c-87e3-33d1f3bd3f7e,2207583074
796,2018-11-09T23:03:39Z,$520.57,b9749903-444f-427a-be31-2e006fa56627,9516244181
797,2018-04-20T13:26:26Z,$551.33,951e2d75-37e6-4fa8-ad43-4b35d630d79a,2759090248
798,2018-02-15T21:44:41Z,$111.40,99940cc0-419b-4494-b2cc-b5c4ce8f26c4,8545858655
799,2018-02-11T10:42:33Z,$861.64,cc5e743f-5926-4193-abcc-aa947fa8928d,7030328507
800,2018-01-28T09:49:22Z,$588.88,3eb75b29-50e3-4e39-baa2-f6c91911af8b,6550251605
801,2018-08-02T17:45:22Z,$223.10,da85beda-b92a-4e32-8b64-1516f02844bb,3637013355
802,2018-05-10T12:23:00Z,$801.76,8e74c6bd-c408-442a-8f77-6e3f4fd45f0a,2970230054
803,2018-07-28T18:43:24Z,$963.65,4c3a6ce3-d8b4-4cbe-bf4c-68f885b41cf5,5418323601
804,2018-02-01T04:01:53Z,$988.91,43664dcc-01bd-435f-9544-20868db85832,8445104934
805,2018-05-31T09:19:53Z,$385.76,44f5a31b-a87d-4cd3-965e-7834ecb60da9,7501285195
806,2018-04-22T07:26:03Z,$130.60,847f1844-2ea2-41a0-92f9-2200a2215c39,8400736990
807,2018-11-17T03:21:45Z,$564.47,664ceae1-9b30-46e6-8742-7fdaf8ef50e3,9312190334
808,2018-01-02T23:33:29Z,$397.69,5a4379fa-0217-4a83-8c9d-513bb9e1a7cf,0795411227
809,2018-11-28T04:03:08Z,$924.44,aec43893-5a0b-453f-bc38-486390ec172c,8636349966
810,2018-02-26T09:36:29Z,$648.59,39cf781e-29c8-4c4a-9243-7967b30362fa,6704753338
811,2018-04-28T05:04:24Z,$640.90,ba051cf3-a7ce-4e4c-b405-f3191606788f,3524806570
812,2018-08-12T07:11:03Z,$710.71,767d0cb2-0c91-494c-93a6-85fb7d3ea59f,7902815292
813,2018-06-30T11:40:59Z,$242.86,bbf00dd1-ad3c-45c0-8517-220dfcf4c540,5597225766
814,2018-01-16T07:27:02Z,$11.12,0ed94d1f-678d-40e6-bfa7-17bdcefb0ed0,6081613429
815,2018-12-07T06:08:09Z,$699.52,1a55bd70-9551-4660-a9f4-f9e8518ac612,7080871662
816,2018-07-21T13:42:42Z,$749.54,6acdc182-1a72-4e1b-a5f6-166683a7ccc6,9978347941
817,2018-05-23T18:51:41Z,$302.29,8de6f8ad-18b7-4393-982b-55c049e03979,2905720786
818,2018-03-05T08:43:11Z,$990.80,66c52726-9c85-48e8-9d03-877123498b9e,6210571328
819,2018-11-22T16:59:41Z,$330.31,a3824605-8184-46cd-9af9-7f4c486b8f72,3212171782
820,2018-12-23T12:45:03Z,$399.03,f686e36e-551f-4ce5-b1bb-f7145c88fc5a,3514877505
821,2018-03-20T22:37:07Z,$514.90,32c6d9ed-a991-44d4-af3b-fc07c963aa8e,3596315360
822,2018-08-15T13:39:43Z,$811.16,b45ee442-1c21-4069-bfdc-5df4e83f9e24,9900313518
823,2018-04-14T15:12:07Z,$414.61,c3de3c12-5f39-4d89-9600-9355d67bb261,7984302863
824,2018-06-26T20:40:19Z,$10.74,ebc5ca8b-2d5d-4111-be2c-701a30f15e46,8147523734
825,2018-06-20T18:28:42Z,$993.25,e2871875-49a1-4e57-94bd-cbf43f7decad,0282676384
826,2018-07-07T21:27:05Z,$989.96,ccf13fe5-3f55-485e-b089-711a25638a5f,7613694844
827,2018-03-26T00:47:36Z,$457.80,be769e88-9f56-455b-90d3-0d4122234d3d,1492612537
828,2018-01-15T01:38:55Z,$455.31,5535c77a-4be4-4bb3-be40-2649d6cc194d,9115699277
829,2018-01-11T21:53:55Z,$974.80,d7670bb4-e32b-4d63-84f8-eda1afcd7f98,5716361811
830,2018-12-01T14:55:03Z,$344.23,de1bc0da-2993-4659-a493-734889fdcd4b,6276296473
831,2018-05-02T05:59:52Z,$179.65,a167acdd-8dd2-4821-aede-8d11951bfee4,3872301128
832,2018-07-13T20:38:43Z,$893.05,06424845-aaff-4968-b884-88f9fbc55767,3105032754
833,2018-01-05T12:07:02Z,$57.75,74134012-cf9a-4f1e-bd03-df513d50b4e0,3888974569
834,2018-05-12T08:15:37Z,$632.99,70dc2fdb-d8a3-40e9-a397-b385097b2215,4380052761
835,2018-02-07T12:05:42Z,$12.97,23390320-3426-44e4-8631-7a172bc8b2c7,0039056910
836,2018-09-07T17:55:22Z,$851.91,00c7c10f-563b-4ab2-aa30-fc32f7ff301a,8094267607
837,2018-10-29T12:01:06Z,$332.35,bc742c25-e095-44af-a41a-56a09c0483fc,4374807969
838,,$630.65,793be44e-c870-4d75-8849-af31fae80db5,1790999480
839,2018-05-20T21:08:56Z,$119.48,0810104d-64e0-4469-93b2-c7738d71ca1a,9955105542
840,2018-05-24T03:14:48Z,$21.43,5fb6e0ae-f792-46c3-bcc7-3a708cdb0168,5781984666
841,2018-09-06T22:59:39Z,$379.19,efbdc4d0-1e0d-4226-b38f-3b7430357ca7,9582173483
842,2018-05-28T23:33:30Z,$438.18,ef776da6-eb03-43ca-827c-178d7d037d9e,0459368230
843,2018-09-24T13:31:59Z,$874.51,5afe75b5-8945-4b2a-9b6c-9beda7f21a22,2670967086
844,2018-12-15T15:05:10Z,$949.83,5d323f46-cf31-4a0f-9cda-5f0a2fb4ed49,4546110308
845,2018-01-11T06:03:11Z,$533.03,b78e1b0b-8b4f-491d-8298-d036779dce63,2207583074
846,2018-05-04T17:58:37Z,$872.46,e452a561-825a-4825-9268-fda79c49f4c8,9516244181
847,2018-05-30T05:38:40Z,$506.86,c2da2ca9-fd1b-46b5-929d-11b5e5ab4793,2759090248
848,2018-04-07T05:43:42Z,$462.93,298b4ab8-6f1a-40d0-a9ef-2682a28ab207,8545858655
849,2018-06-30T02:16:35Z,$726.68,9e343cd5-3a0b-41bf-a6bb-6e0297d5c3bc,7030328507
850,2018-11-19T15:54:09Z,$471.59,5bf43436-5b5d-40c2-b3cc-c62cfd26bdea,6550251605
851,2018-08-02T06:42:59Z,$491.61,ee1ef6d7-772e-4a5f-b6e2-29e49e528a0b,3637013355
852,2018-01-01T23:39:04Z,$142.88,719353e1-6a78-4156-8810-47f81c22079a,2970230054
853,2018-10-10T17:48:47Z,$423.30,a1043183-a3ae-448a-8b39-b46c9d97c8b4,5418323601
854,2018-01-25T19:56:09Z,$467.84,271ed074-ac92-41e1-b023-ff5913b2f196,8445104934
855,2018-05-14T13:34:48Z,$130.43,afa6e4c2-fc75-4788-8514-818e6dd85663,7501285195
856,2018-06-20T06:43:07Z,$368.12,87214758-196c-4420-a91e-680c50d1dbef,8400736990
857,2018-02-26T06:12:28Z,$998.41,59a1f1ed-84e8-4e3b-89c4-9136c1afcdb0,9312190334
858,2018-05-10T04:39:36Z,$240.59,237c6478-0f1e-40e1-a79d-a323f3e7e2a7,0795411227
859,2018-09-08T07:03:08Z,$730.56,76113b09-f906-4e6a-80f3-a439ee004e49,8636349966
860,2018-07-22T12:40:23Z,$107.51,2c077d12-d3fb-4b76-88a1-473d9ea62a41,6704753338
861,2018-10-23T12:56:04Z,$900.12,3442627b-f507-4244-bd14-c391268d044b,3524806570
862,2018-03-01T23:44:47Z,$938.93,ce50a98f-f5fd-4394-8ca7-6472e894b1d1,7902815292
863,2018-03-14T23:18:26Z,$157.42,648924d5-00e8-46be-8c2d-605c9bdf65e0,5597225766
864,2018-04-28T02:54:32Z,$573.95,0f455a87-0af1-45f4-b804-c893a20c6ca6,6081613429
865,,$172.56,425375c7-b60b-4646-a391-3af3aff2a084,7080871662
866,2018-08-21T03:40:07Z,$818.29,b508eac0-2fcc-4a0f-8b50-f8e980f522e2,9978347941
867,2018-05-16T06:30:43Z,$262.06,75a42c0d-22e7-402e-aa2a-a993c69d86d5,2905720786
868,2018-06-13T19:30:07Z,$837.66,81f16c1d-91ec-487b-be92-c0974097ca35,6210571328
869,2018-11-29T08:54:24Z,$548.54,57706981-f9c1-499c-9f30-871335a1d73f,3212171782
870,2018-10-06T19:50:49Z,$985.72,cbbd9206-4b08-4faf-9820-4cac6d24444b,3514877505
871,,$667.34,fcb87513-52d2-4700-99e1-c2a30db9df65,3596315360
872,,$276.66,05e794b1-e716-41cd-b59f-40ebda6764fc,9900313518
873,2018-12-23T19:15:54Z,$991.43,c1476012-0b9c-4199-8512-05982ed1b0a1,7984302863
874,2018-04-27T17:53:00Z,$79.59,4d22e945-b634-4e68-b143-3127f947bcb9,8147523734
875,2018-09-16T20:37:21Z,$176.88,74a89548-2a47-4f29-bc09-7d180d634c6f,0282676384
876,2018-04-19T13:00:23Z,$859.58,decb2604-c0a8-469b-af81-c32abbcbe4ae,3637013355
877,2018-11-16T03:57:32Z,$39.25,fa72dda9-c84a-4b32-adc2-d94b92508fec,2970230054
878,2018-08-25T07:42:23Z,$673.76,68c562dc-5c15-4843-9c37-c063f7adb758,5418323601
879,2018-09-11T09:48:23Z,$572.10,cb06ecbd-caa9-45a3-b254-e40d2ae8d234,8445104934
880,2018-02-03T08:45:45Z,$285.96,3c35af32-ee1c-40d6-a4b3-83eab019884f,7501285195
881,2018-09-16T15:26:24Z,$784.77,27438bb9-c6a7-42a8-b730-aec458993a52,8400736990
882,2018-08-27T05:52:40Z,$704.49,08272825-cd75-4512-a12c-86f1a494a49c,9312190334
883,2018-03-28T05:03:32Z,$213.07,ea964cbd-b573-4622-859f-431dc6b7db02,0795411227
884,2018-07-25T05:41:34Z,$450.08,93f8d478-e99f-4d49-8341-2d82b70b1196,8636349966
885,2018-04-12T08:50:46Z,$259.70,7bad3bae-294b-4368-9880-892a7294c4b1,6704753338
886,2018-01-01T20:57:42Z,$738.79,2421f85b-b3d1-407c-b87a-b5ee78ea00e9,3524806570
887,2018-04-18T04:44:35Z,$763.13,f09417ed-6203-4fba-bf12-a1e9967993a0,7902815292
888,2018-07-31T10:13:04Z,$514.12,0dd693e4-460c-42f1-86d1-689fac4bf7e5,5597225766
889,2018-12-26T18:55:29Z,$693.21,c2821522-2dd0-4b01-9de0-52a75854b885,6081613429
890,2018-04-13T04:46:37Z,$37.52,7683bc69-776b-49a1-954c-6e44263044fd,7080871662
891,,$582.84,5a562de9-f688-4ef1-b0c6-b463003b0fda,9978347941
892,2018-04-02T14:24:40Z,$820.48,b11835ba-8e02-4a74-9f27-96088b8ea7c1,2905720786
893,2018-05-19T04:00:57Z,$507.03,fc77ce6d-07d1-494e-a4e3-3135e9094632,6210571328
894,2018-10-25T22:41:10Z,$201.81,cd13aab6-8ce1-42f1-a58c-7afdb4b26190,3212171782
895,,$513.72,12de753d-0ad8-40f6-9398-4bea7eed9b40,3514877505
896,2018-12-18T07:15:23Z,$743.71,b633ced5-f1f5-4c89-aefc-5ba8cb1b0065,3596315360
897,2018-08-07T07:52:38Z,$262.94,b86ba73e-bd10-4b36-88ee-4ed093933be7,9900313518
898,2018-04-04T15:03:45Z,$954.26,1208b3dc-f329-4ffb-b2fc-26c9f0966d44,7984302863
899,2018-01-01T18:45:43Z,$384.00,c57cdf5b-e792-4888-bbfb-23d630024a06,8147523734
900,2018-01-28T04:20:00Z,$883.12,16237c68-eca6-4684-aa9b-c706d1f241f7,0282676384
901,2018-02-12T10:27:45Z,$172.01,05374daa-f5b8-4c33-b6de-8c806caa6096,7613694844
902,2018-08-20T21:52:00Z,$574.09,78516da6-ca30-4719-a15b-1efa9f1f30f2,1492612537
903,,$955.96,3c062575-fb08-469f-b185-7db9b49e6622,9115699277
904,2018-07-20T05:07:54Z,$979.07,8a92f35d-edc0-405a-9f07-9baf46745bc7,5716361811
905,2018-04-03T07:05:57Z,$644.14,496c4bc4-6f45-4699-b44f-bda831b71faa,6276296473
906,2018-10-26T10:18:16Z,$351.38,2a8fd31a-4fa7-4135-b682-50ccfd3348d1,3872301128
907,2018-02-10T01:06:13Z,$106.25,df943cb7-31af-4f06-884e-b24db632b638,3105032754
908,2018-09-11T22:56:21Z,$227.85,93f1fa46-2d88-4af4-96ab-a8f982d13244,3888974569
909,2018-01-29T17:21:42Z,$606.24,10a5e889-8182-47c9-9117-799728c79561,4380052761
910,2018-04-06T19:55:38Z,$312.26,e1691edd-07af-411f-8e66-cb12b53be45b,0039056910
911,2018-01-30T16:07:31Z,$607.21,a3a43426-b786-4058-85f1-40eb1a25a7dd,8094267607
912,2018-09-28T05:26:21Z,$758.86,72a99495-9bcc-4110-a652-9e850bd3ea5a,4374807969
913,2018-04-14T18:54:02Z,$532.01,24b2c97b-53c0-4cbc-a1e6-664f2eac42da,1790999480
914,2018-09-05T09:00:28Z,$187.74,ce0ee2b4-bfc8-4ca0-b883-fa67bffb2269,9955105542
915,2018-09-27T08:20:16Z,$35.35,91c88a72-52ce-4167-89a1-d25aca59ec35,5781984666
916,2018-04-25T04:41:16Z,$973.43,00d4c2e0-f234-4743-8354-6294f722a90d,9582173483
917,2018-08-02T00:00:56Z,$521.37,6cbb3afd-699b-4305-aa7d-29a737a6d841,0459368230
918,2018-02-23T06:25:27Z,$199.24,ed49e876-eba4-4a3d-a376-4060f3eac225,2670967086
919,,$610.48,61c1439d-0de1-4b2c-87e3-33d1f3bd3f7e,4546110308
920,2018-10-17T01:15:16Z,$722.64,1df933f0-9cd4-42bd-9d5f-3b4f453a1822,2207583074
921,2018-07-12T01:26:07Z,$237.87,b9749903-444f-427a-be31-2e006fa56627,9516244181
922,2018-12-22T02:40:09Z,$921.84,951e2d75-37e6-4fa8-ad43-4b35d630d79a,2759090248
923,2018-06-24T04:57:08Z,$293.29,9ecc312c-4268-4978-ad86-d04597f5a57c,8545858655
924,2018-11-15T06:55:38Z,$838.45,c4e1a6e7-1965-4a17-ae52-b604f4be07b4,7030328507
925,2018-12-04T01:52:43Z,$772.20,99940cc0-419b-4494-b2cc-b5c4ce8f26c4,6550251605
926,2018-01-24T05:07:10Z,$139.12,cc5e743f-5926-4193-abcc-aa947fa8928d,3637013355
927,2018-03-25T21:03:33Z,$701.21,3eb75b29-50e3-4e39-baa2-f6c91911af8b,2970230054
928,2018-04-04T08:21:19Z,$670.03,da85beda-b92a-4e32-8b64-1516f02844bb,5418323601
929,2018-08-14T21:35:18Z,$809.14,4c3a6ce3-d8b4-4cbe-bf4c-68f885b41cf5,8445104934
930,2018-05-29T10:28:54Z,$754.66,44f5a31b-a87d-4cd3-965e-7834ecb60da9,7501285195
931,2018-09-30T07:29:53Z,$441.91,847f1844-2ea2-41a0-92f9-2200a2215c39,8400736990
932,2018-10-23T11:22:46Z,$980.47,664ceae1-9b30-46e6-8742-7fdaf8ef50e3,9312190334
933,2018-11-06T14:51:36Z,$385.39,5a4379fa-0217-4a83-8c9d-513bb9e1a7cf,0795411227
934,,$505.18,aec43893-5a0b-453f-bc38-486390ec172c,8636349966
935,,$248.74,39cf781e-29c8-4c4a-9243-7967b30362fa,6704753338
936,2018-11-08T18:58:01Z,$316.02,ba051cf3-a7ce-4e4c-b405-f3191606788f,3524806570
937,2018-01-25T00:29:42Z,$174.86,bbf00dd1-ad3c-45c0-8517-220dfcf4c540,7902815292
938,2018-08-11T22:18:56Z,$453.10,0ed94d1f-678d-40e6-bfa7-17bdcefb0ed0,5597225766
939,2018-02-04T11:35:02Z,$676.90,1a55bd70-9551-4660-a9f4-f9e8518ac612,6081613429
940,2018-03-26T18:40:57Z,$967.13,6acdc182-1a72-4e1b-a5f6-166683a7ccc6,7080871662
941,2018-08-07T06:29:46Z,$228.27,8de6f8ad-18b7-4393-982b-55c049e03979,9978347941
942,2018-06-26T20:52:26Z,$1.16,66c52726-9c85-48e8-9d03-877123498b9e,2905720786
943,2018-07-26T04:18:39Z,$788.72,a3824605-8184-46cd-9af9-7f4c486b8f72,6210571328
944,2018-03-13T15:51:20Z,$754.03,f686e36e-551f-4ce5-b1bb-f7145c88fc5a,3212171782
945,2018-03-14T21:17:58Z,$646.10,b45ee442-1c21-4069-bfdc-5df4e83f9e24,3514877505
946,2018-02-14T16:47:04Z,$312.56,c3de3c12-5f39-4d89-9600-9355d67bb261,3596315360
947,2018-05-15T04:27:44Z,$581.13,ebc5ca8b-2d5d-4111-be2c-701a30f15e46,9900313518
948,2018-04-10T09:39:24Z,$85.28,e2871875-49a1-4e57-94bd-cbf43f7decad,7984302863
949,2018-01-17T00:39:04Z,$164.78,be769e88-9f56-455b-90d3-0d4122234d3d,8147523734
950,2018-07-18T21:12:47Z,$503.48,2b564fec-bc6a-4aa2-b295-c40aab573719,0282676384
951,2018-02-03T11:11:06Z,$834.30,5535c77a-4be4-4bb3-be40-2649d6cc194d,7613694844
952,2018-05-06T08:07:18Z,$579.98,d7670bb4-e32b-4d63-84f8-eda1afcd7f98,1492612537
953,2018-08-25T15:15:55Z,$352.23,de1bc0da-2993-4659-a493-734889fdcd4b,9115699277
954,2018-04-20T03:30:09Z,$619.86,a167acdd-8dd2-4821-aede-8d11951bfee4,5716361811
955,2018-09-24T06:51:36Z,$873.12,06424845-aaff-4968-b884-88f9fbc55767,6276296473
956,,$266.78,74134012-cf9a-4f1e-bd03-df513d50b4e0,3872301128
957,2018-06-26T11:05:54Z,$210.27,70dc2fdb-d8a3-40e9-a397-b385097b2215,3105032754
958,2018-01-14T18:33:17Z,$479.41,23390320-3426-44e4-8631-7a172bc8b2c7,3888974569
959,2018-12-27T01:32:53Z,$223.92,00c7c10f-563b-4ab2-aa30-fc32f7ff301a,4380052761
960,2018-07-02T06:52:03Z,$986.86,2ea1f39f-2ab4-426a-af2f-4e132620bcd7,0039056910
961,2018-03-15T05:51:30Z,$627.75,793be44e-c870-4d75-8849-af31fae80db5,8094267607
962,2018-12-15T18:44:33Z,$119.30,0810104d-64e0-4469-93b2-c7738d71ca1a,4374807969
963,2018-11-10T11:25:39Z,$938.06,5fb6e0ae-f792-46c3-bcc7-3a708cdb0168,1790999480
964,2018-02-12T08:07:24Z,$116.34,8a039a5b-ae20-487f-bd50-64af7fdbdeba,9955105542
965,2018-10-27T23:16:22Z,$793.47,efbdc4d0-1e0d-4226-b38f-3b7430357ca7,5781984666
966,2018-09-20T08:19:31Z,$377.10,5afe75b5-8945-4b2a-9b6c-9beda7f21a22,9582173483
967,2018-06-17T23:37:04Z,$781.70,5d323f46-cf31-4a0f-9cda-5f0a2fb4ed49,0459368230
968,2018-01-08T08:40:07Z,$691.72,b78e1b0b-8b4f-491d-8298-d036779dce63,2670967086
969,2018-06-20T20:39:29Z,$10.70,e452a561-825a-4825-9268-fda79c49f4c8,4546110308
970,2018-10-17T11:16:47Z,$721.58,364e3375-73a2-42a2-96b7-fb1fa48d483c,2207583074
971,2018-01-30T21:07:41Z,$586.75,c2da2ca9-fd1b-46b5-929d-11b5e5ab4793,9516244181
972,2018-04-26T21:05:16Z,$250.05,298b4ab8-6f1a-40d0-a9ef-2682a28ab207,2759090248
973,2018-10-12T16:07:44Z,$966.30,5147a268-814a-4ec4-8ed5-215d4ec0e82a,8545858655
974,2018-11-19T03:45:05Z,$412.53,5bf43436-5b5d-40c2-b3cc-c62cfd26bdea,7030328507
975,2018-09-05T16:39:37Z,$946.57,a1043183-a3ae-448a-8b39-b46c9d97c8b4,6550251605
976,2018-12-27T17:58:44Z,$69.59,b11f9031-b4ce-42d9-90dd-03238651285b,3637013355
977,2018-11-11T02:45:34Z,$511.97,afa6e4c2-fc75-4788-8514-818e6dd85663,2970230054
978,2018-10-04T02:31:25Z,$273.88,680ee4b7-0df1-4643-af41-73673d8b3c40,5418323601
979,2018-07-02T23:09:49Z,$991.93,87214758-196c-4420-a91e-680c50d1dbef,8445104934
980,2018-04-14T01:42:52Z,$255.31,59a1f1ed-84e8-4e3b-89c4-9136c1afcdb0,7501285195
981,2018-08-30T10:57:09Z,$726.11,237c6478-0f1e-40e1-a79d-a323f3e7e2a7,8400736990
982,2018-05-12T14:54:28Z,$277.11,76113b09-f906-4e6a-80f3-a439ee004e49,9312190334
983,2018-03-06T06:07:06Z,$342.58,2c077d12-d3fb-4b76-88a1-473d9ea62a41,0795411227
984,2018-11-06T11:23:34Z,$673.93,3442627b-f507-4244-bd14-c391268d044b,8636349966
985,2018-09-22T12:48:31Z,$177.02,ce50a98f-f5fd-4394-8ca7-6472e894b1d1,6704753338
986,2018-04-14T10:21:44Z,$105.09,648924d5-00e8-46be-8c2d-605c9bdf65e0,3524806570
987,2018-07-22T10:27:43Z,$208.89,0f455a87-0af1-45f4-b804-c893a20c6ca6,7902815292
988,2018-12-15T04:55:28Z,$777.22,425375c7-b60b-4646-a391-3af3aff2a084,5597225766
989,2018-05-01T17:55:20Z,$719.41,b508eac0-2fcc-4a0f-8b50-f8e980f522e2,6081613429
990,2018-11-24T10:37:12Z,$277.82,75a42c0d-22e7-402e-aa2a-a993c69d86d5,7080871662
991,2018-04-23T06:53:13Z,$495.56,81f16c1d-91ec-487b-be92-c0974097ca35,9978347941
992,2018-05-29T04:44:54Z,$827.90,57706981-f9c1-499c-9f30-871335a1d73f,2905720786
993,2018-10-06T20:52:18Z,$884.98,cbbd9206-4b08-4faf-9820-4cac6d24444b,6210571328
994,,$240.98,fcb87513-52d2-4700-99e1-c2a30db9df65,3212171782
995,2018-04-26T13:47:53Z,$349.05,05e794b1-e716-41cd-b59f-40ebda6764fc,3514877505
996,2018-05-23T18:42:47Z,$674.23,c1476012-0b9c-4199-8512-05982ed1b0a1,3596315360
997,2018-04-17T09:20:55Z,$791.25,4d22e945-b634-4e68-b143-3127f947bcb9,9900313518
998,2018-05-09T23:51:24Z,$652.36,6cd5bf31-119b-412f-a643-07da38fd114e,7984302863
999,2018-09-19T09:35:05Z,$44.52,c6da3ae6-7798-42ec-82ea-c5865257d9bc,8147523734
1000,2018-03-12T07:57:47Z,$719.40,38ecdcf3-4840-4dec-a61d-86a009bd9dc1,0282676384
